Composition  (mole fraction),TestTempC,YieldStr(MPa),Strain Rate (s-1),Arc Melting,HIP Time (h),Anneal Temp (degC),Anneal Time (h),Anneal Cooling Rate (degC/min),Element_Concentration_Dict
Al0.25MoNbTiV,25,1250,0.0005,1,0,25,0,10,"{'Al': 0.058823529411764705, 'Mo': 0.23529411764705882, 'Nb': 0.23529411764705882, 'Ti': 0.23529411764705882, 'V': 0.23529411764705882}"
Al0.5MoNbTiV,25,1625,0.0005,1,0,25,0,10,"{'Al': 0.1111111111111111, 'Mo': 0.2222222222222222, 'Nb': 0.2222222222222222, 'Ti': 0.2222222222222222, 'V': 0.2222222222222222}"
Al0.75MoNbTiV,25,1260,0.0005,1,0,25,0,10,"{'Al': 0.15789473684210525, 'Mo': 0.21052631578947367, 'Nb': 0.21052631578947367, 'Ti': 0.21052631578947367, 'V': 0.21052631578947367}"
Al1.5MoNbTiV,25,500,0.0005,1,0,25,0,10,"{'Al': 0.2727272727272727, 'Mo': 0.18181818181818182, 'Nb': 0.18181818181818182, 'Ti': 0.18181818181818182, 'V': 0.18181818181818182}"
AlMoNbTiV,25,1375,0.0005,1,0,25,0,10,"{'Al': 0.2, 'Mo': 0.2, 'Nb': 0.2, 'Ti': 0.2, 'V': 0.2}"
MoNbTiV,25,1200,0.0005,1,0,25,0,10,"{'Mo': 0.25, 'Nb': 0.25, 'Ti': 0.25, 'V': 0.25}"
Al0.25NbTaTiV,25,1330,0.0002,1,0,25,0,10,"{'Al': 0.058823529411764705, 'Nb': 0.23529411764705882, 'Ta': 0.23529411764705882, 'Ti': 0.23529411764705882, 'V': 0.23529411764705882}"
Al0.5NbTaTiV,25,1012,0.0002,1,0,25,0,10,"{'Al': 0.1111111111111111, 'Nb': 0.2222222222222222, 'Ta': 0.2222222222222222, 'Ti': 0.2222222222222222, 'V': 0.2222222222222222}"
AlNbTaTiV,25,991,0.0002,1,0,25,0,10,"{'Al': 0.2, 'Nb': 0.2, 'Ta': 0.2, 'Ti': 0.2, 'V': 0.2}"
NbTaTiV,25,1092,0.0002,1,0,25,0,10,"{'Nb': 0.25, 'Ta': 0.25, 'Ti': 0.25, 'V': 0.25}"
Al0.25NbTaTiZr,25,1745,0.001,1,4,1400,6,20,"{'Al': 0.058823529411764705, 'Nb': 0.23529411764705882, 'Ta': 0.23529411764705882, 'Ti': 0.23529411764705882, 'Zr': 0.23529411764705882}"
Al0.25NbTaTiZr,1000,366,0.001,1,4,1400,6,20,"{'Al': 0.058823529411764705, 'Nb': 0.23529411764705882, 'Ta': 0.23529411764705882, 'Ti': 0.23529411764705882, 'Zr': 0.23529411764705882}"
Al0.5Mo0.5NbTa0.5TiZr,25,2350,0.001,1,4,1400,6,20,"{'Al': 0.1111111111111111, 'Mo': 0.1111111111111111, 'Nb': 0.2222222222222222, 'Ta': 0.1111111111111111, 'Ti': 0.2222222222222222, 'Zr': 0.2222222222222222}"
Al0.5Mo0.5NbTa0.5TiZr,1000,579,0.001,1,4,1400,6,20,"{'Al': 0.1111111111111111, 'Mo': 0.1111111111111111, 'Nb': 0.2222222222222222, 'Ta': 0.1111111111111111, 'Ti': 0.2222222222222222, 'Zr': 0.2222222222222222}"
AlMo0.5NbTa0.5TiZr,25,2197,0.001,1,4,1400,6,20,"{'Al': 0.2, 'Mo': 0.1, 'Nb': 0.2, 'Ta': 0.1, 'Ti': 0.2, 'Zr': 0.2}"
AlMo0.5NbTa0.5TiZr,1000,745,0.001,1,4,1400,6,20,"{'Al': 0.2, 'Mo': 0.1, 'Nb': 0.2, 'Ta': 0.1, 'Ti': 0.2, 'Zr': 0.2}"
AlMo0.5NbTa0.5TiZr0.5,25,1320,0.001,1,4,1400,6,20,"{'Al': 0.2222222222222222, 'Mo': 0.1111111111111111, 'Nb': 0.2222222222222222, 'Ta': 0.1111111111111111, 'Ti': 0.2222222222222222, 'Zr': 0.1111111111111111}"
AlMo0.5NbTa0.5TiZr0.5,1000,935,0.001,1,4,1400,6,20,"{'Al': 0.2222222222222222, 'Mo': 0.1111111111111111, 'Nb': 0.2222222222222222, 'Ta': 0.1111111111111111, 'Ti': 0.2222222222222222, 'Zr': 0.1111111111111111}"
AlNbTa0.5TiZr0.5,25,1352,0.001,1,4,1400,6,20,"{'Al': 0.25, 'Nb': 0.25, 'Ta': 0.125, 'Ti': 0.25, 'Zr': 0.125}"
AlNbTa0.5TiZr0.5,1000,535,0.001,1,4,1400,6,20,"{'Al': 0.25, 'Nb': 0.25, 'Ta': 0.125, 'Ti': 0.25, 'Zr': 0.125}"
Al0.2MoTaTiV,25,1021,0.001,1,0,25,0,10,"{'Al': 0.047619047619047616, 'Mo': 0.23809523809523808, 'Ta': 0.23809523809523808, 'Ti': 0.23809523809523808, 'V': 0.23809523809523808}"
Al0.6MoTaTiV,25,962,0.001,1,0,25,0,10,"{'Al': 0.13043478260869565, 'Mo': 0.2173913043478261, 'Ta': 0.2173913043478261, 'Ti': 0.2173913043478261, 'V': 0.2173913043478261}"
AlMoTaTiV,25,735,0.001,1,0,25,0,10,"{'Al': 0.2, 'Mo': 0.2, 'Ta': 0.2, 'Ti': 0.2, 'V': 0.2}"
MoTaTiV,25,1221,0.001,1,0,25,0,10,"{'Mo': 0.25, 'Ta': 0.25, 'Ti': 0.25, 'V': 0.25}"
Al0.3HfNbTaTiZr,25,1188,0.001,1,0,25,0,10,"{'Al': 0.05660377358490566, 'Hf': 0.18867924528301888, 'Nb': 0.18867924528301888, 'Ta': 0.18867924528301888, 'Ti': 0.18867924528301888, 'Zr': 0.18867924528301888}"
Al0.5HfNbTaTiZr,25,1302,0.001,1,0,25,0,10,"{'Al': 0.09090909090909091, 'Hf': 0.18181818181818182, 'Nb': 0.18181818181818182, 'Ta': 0.18181818181818182, 'Ti': 0.18181818181818182, 'Zr': 0.18181818181818182}"
Al0.75HfNbTaTiZr,25,1415,0.001,1,0,25,0,10,"{'Al': 0.13043478260869565, 'Hf': 0.17391304347826086, 'Nb': 0.17391304347826086, 'Ta': 0.17391304347826086, 'Ti': 0.17391304347826086, 'Zr': 0.17391304347826086}"
AlHfNbTaTiZr,25,1489,0.001,1,0,25,0,10,"{'Al': 0.16666666666666666, 'Hf': 0.16666666666666666, 'Nb': 0.16666666666666666, 'Ta': 0.16666666666666666, 'Ti': 0.16666666666666666, 'Zr': 0.16666666666666666}"
HfNbTaTiZr,25,1073,0.001,1,0,25,0,10,"{'Hf': 0.2, 'Nb': 0.2, 'Ta': 0.2, 'Ti': 0.2, 'Zr': 0.2}"
Al0.3NbTa0.8Ti1.4V0.2Zr1.3,25,1965,0.001,1,2,1200,24,10,"{'Al': 0.06, 'Nb': 0.2, 'Ta': 0.16, 'Ti': 0.27999999999999997, 'V': 0.04, 'Zr': 0.26}"
Al0.3NbTa0.8Ti1.4V0.2Zr1.3,1000,166,0.001,1,2,1200,24,10,"{'Al': 0.06, 'Nb': 0.2, 'Ta': 0.16, 'Ti': 0.27999999999999997, 'V': 0.04, 'Zr': 0.26}"
Al0.3NbTa0.8Ti1.4V0.2Zr1.3,800,678,0.001,1,2,1200,24,10,"{'Al': 0.06, 'Nb': 0.2, 'Ta': 0.16, 'Ti': 0.27999999999999997, 'V': 0.04, 'Zr': 0.26}"
Al0.3NbTaTi1.4Zr1.3,25,1965,0.001,1,2,1200,24,10,"{'Al': 0.06, 'Nb': 0.2, 'Ta': 0.2, 'Ti': 0.27999999999999997, 'Zr': 0.26}"
Al0.3NbTaTi1.4Zr1.3,1000,236,0.001,1,2,1200,24,10,"{'Al': 0.06, 'Nb': 0.2, 'Ta': 0.2, 'Ti': 0.27999999999999997, 'Zr': 0.26}"
Al0.3NbTaTi1.4Zr1.3,800,362,0.001,1,2,1200,24,10,"{'Al': 0.06, 'Nb': 0.2, 'Ta': 0.2, 'Ti': 0.27999999999999997, 'Zr': 0.26}"
Al0.4Hf0.6NbTaTiZr,25,1841,0.001,1,2,1200,24,10,"{'Al': 0.08, 'Hf': 0.12, 'Nb': 0.2, 'Ta': 0.2, 'Ti': 0.2, 'Zr': 0.2}"
Al0.4Hf0.6NbTaTiZr,1000,298,0.001,1,2,1200,24,10,"{'Al': 0.08, 'Hf': 0.12, 'Nb': 0.2, 'Ta': 0.2, 'Ti': 0.2, 'Zr': 0.2}"
Al0.4Hf0.6NbTaTiZr,800,796,0.001,1,2,1200,24,10,"{'Al': 0.08, 'Hf': 0.12, 'Nb': 0.2, 'Ta': 0.2, 'Ti': 0.2, 'Zr': 0.2}"
Al0.5NbTa0.5Ti1.5V0.2Zr,25,2035,0.001,1,2,1200,24,10,"{'Al': 0.10638297872340426, 'Nb': 0.2127659574468085, 'Ta': 0.10638297872340426, 'Ti': 0.3191489361702127, 'V': 0.0425531914893617, 'Zr': 0.2127659574468085}"
Al0.5NbTa0.8Ti1.5V0.2Zr,1000,220,0.001,1,2,1200,24,10,"{'Al': 0.1, 'Nb': 0.2, 'Ta': 0.16, 'Ti': 0.3, 'V': 0.04, 'Zr': 0.2}"
Al0.5NbTa0.8Ti1.5V0.2Zr,800,796,0.001,1,2,1200,24,10,"{'Al': 0.1, 'Nb': 0.2, 'Ta': 0.16, 'Ti': 0.3, 'V': 0.04, 'Zr': 0.2}"
AlMo0.5NbTa0.5TiZr,25,2000,0.001,1,2,1400,24,10,"{'Al': 0.2, 'Mo': 0.1, 'Nb': 0.2, 'Ta': 0.1, 'Ti': 0.2, 'Zr': 0.2}"
AlMo0.5NbTa0.5TiZr,1000,745,0.001,1,2,1400,24,10,"{'Al': 0.2, 'Mo': 0.1, 'Nb': 0.2, 'Ta': 0.1, 'Ti': 0.2, 'Zr': 0.2}"
AlMo0.5NbTa0.5TiZr,800,1597,0.001,1,2,1400,24,10,"{'Al': 0.2, 'Mo': 0.1, 'Nb': 0.2, 'Ta': 0.1, 'Ti': 0.2, 'Zr': 0.2}"
AlNb1.5Ta0.5Ti1.5Zr0.5,25,1280,0.001,1,2,1400,24,10,"{'Al': 0.2, 'Nb': 0.3, 'Ta': 0.1, 'Ti': 0.3, 'Zr': 0.1}"
AlNb1.5Ta0.5Ti1.5Zr0.5,1000,403,0.001,1,2,1400,24,10,"{'Al': 0.2, 'Nb': 0.3, 'Ta': 0.1, 'Ti': 0.3, 'Zr': 0.1}"
AlNb1.5Ta0.5Ti1.5Zr0.5,800,728,0.001,1,2,1400,24,10,"{'Al': 0.2, 'Nb': 0.3, 'Ta': 0.1, 'Ti': 0.3, 'Zr': 0.1}"
Al0.4Hf0.6NbTaTiZr,25,1841,0.001,1,2,1200,24,10,"{'Al': 0.08, 'Hf': 0.12, 'Nb': 0.2, 'Ta': 0.2, 'Ti': 0.2, 'Zr': 0.2}"
Al0.4Hf0.6NbTaTiZr,1200,89,0.001,1,2,1200,24,10,"{'Al': 0.08, 'Hf': 0.12, 'Nb': 0.2, 'Ta': 0.2, 'Ti': 0.2, 'Zr': 0.2}"
Al0.4Hf0.6NbTaTiZr,1000,298,0.001,1,2,1200,24,10,"{'Al': 0.08, 'Hf': 0.12, 'Nb': 0.2, 'Ta': 0.2, 'Ti': 0.2, 'Zr': 0.2}"
Al0.4Hf0.6NbTaTiZr,800,796,0.001,1,2,1200,24,10,"{'Al': 0.08, 'Hf': 0.12, 'Nb': 0.2, 'Ta': 0.2, 'Ti': 0.2, 'Zr': 0.2}"
AlMo0.5NbTa0.5TiZr,25,2000,0.001,1,2,1400,24,10,"{'Al': 0.2, 'Mo': 0.1, 'Nb': 0.2, 'Ta': 0.1, 'Ti': 0.2, 'Zr': 0.2}"
AlMo0.5NbTa0.5TiZr,1200,250,0.001,1,2,1400,24,10,"{'Al': 0.2, 'Mo': 0.1, 'Nb': 0.2, 'Ta': 0.1, 'Ti': 0.2, 'Zr': 0.2}"
AlMo0.5NbTa0.5TiZr,1000,745,0.001,1,2,1400,24,10,"{'Al': 0.2, 'Mo': 0.1, 'Nb': 0.2, 'Ta': 0.1, 'Ti': 0.2, 'Zr': 0.2}"
AlMo0.5NbTa0.5TiZr,800,1597,0.001,1,2,1400,24,10,"{'Al': 0.2, 'Mo': 0.1, 'Nb': 0.2, 'Ta': 0.1, 'Ti': 0.2, 'Zr': 0.2}"
Al0.5CrNbTi2V0.5,25,1340,0.0001,1,0,1200,24,10,"{'Al': 0.1, 'Cr': 0.2, 'Nb': 0.2, 'Ti': 0.4, 'V': 0.1}"
Al0.5CrNbTi2V0.5,25,1240,0.0001,1,0,1200,24,10,"{'Al': 0.1, 'Cr': 0.2, 'Nb': 0.2, 'Ti': 0.4, 'V': 0.1}"
Al0.5CrNbTi2V0.5,1000,90,0.0001,1,0,1200,24,10,"{'Al': 0.1, 'Cr': 0.2, 'Nb': 0.2, 'Ti': 0.4, 'V': 0.1}"
Al0.5CrNbTi2V0.5,800,445,0.0001,1,0,1200,24,10,"{'Al': 0.1, 'Cr': 0.2, 'Nb': 0.2, 'Ti': 0.4, 'V': 0.1}"
Al0.5CrNbTi2V0.5,600,930,0.0001,1,0,1200,24,10,"{'Al': 0.1, 'Cr': 0.2, 'Nb': 0.2, 'Ti': 0.4, 'V': 0.1}"
AlCr0.5NbTiV,25,1300,0.0001,1,0,1200,24,100,"{'Al': 0.2222222222222222, 'Cr': 0.1111111111111111, 'Nb': 0.2222222222222222, 'Ti': 0.2222222222222222, 'V': 0.2222222222222222}"
AlCr0.5NbTiV,1000,40,0.0001,1,0,1200,24,100,"{'Al': 0.2222222222222222, 'Cr': 0.1111111111111111, 'Nb': 0.2222222222222222, 'Ti': 0.2222222222222222, 'V': 0.2222222222222222}"
AlCr0.5NbTiV,800,640,0.0001,1,0,1200,24,100,"{'Al': 0.2222222222222222, 'Cr': 0.1111111111111111, 'Nb': 0.2222222222222222, 'Ti': 0.2222222222222222, 'V': 0.2222222222222222}"
AlCr0.5NbTiV,600,1005,0.0001,1,0,1200,24,100,"{'Al': 0.2222222222222222, 'Cr': 0.1111111111111111, 'Nb': 0.2222222222222222, 'Ti': 0.2222222222222222, 'V': 0.2222222222222222}"
AlCr1.5NbTiV,25,1700,0.0001,1,0,1200,24,100,"{'Al': 0.18181818181818182, 'Cr': 0.2727272727272727, 'Nb': 0.18181818181818182, 'Ti': 0.18181818181818182, 'V': 0.18181818181818182}"
AlCr1.5NbTiV,1000,75,0.0001,1,0,1200,24,100,"{'Al': 0.18181818181818182, 'Cr': 0.2727272727272727, 'Nb': 0.18181818181818182, 'Ti': 0.18181818181818182, 'V': 0.18181818181818182}"
AlCr1.5NbTiV,800,970,0.0001,1,0,1200,24,100,"{'Al': 0.18181818181818182, 'Cr': 0.2727272727272727, 'Nb': 0.18181818181818182, 'Ti': 0.18181818181818182, 'V': 0.18181818181818182}"
AlCr1.5NbTiV,600,1370,0.0001,1,0,1200,24,100,"{'Al': 0.18181818181818182, 'Cr': 0.2727272727272727, 'Nb': 0.18181818181818182, 'Ti': 0.18181818181818182, 'V': 0.18181818181818182}"
AlCrNbTiV,25,1550,0.0001,1,0,1200,24,100,"{'Al': 0.2, 'Cr': 0.2, 'Nb': 0.2, 'Ti': 0.2, 'V': 0.2}"
AlCrNbTiV,1000,65,0.0001,1,0,1200,24,100,"{'Al': 0.2, 'Cr': 0.2, 'Nb': 0.2, 'Ti': 0.2, 'V': 0.2}"
AlCrNbTiV,800,860,0.0001,1,0,1200,24,100,"{'Al': 0.2, 'Cr': 0.2, 'Nb': 0.2, 'Ti': 0.2, 'V': 0.2}"
AlCrNbTiV,600,1015,0.0001,1,0,1200,24,100,"{'Al': 0.2, 'Cr': 0.2, 'Nb': 0.2, 'Ti': 0.2, 'V': 0.2}"
AlNbTiV,25,1000,0.0001,1,0,1200,24,100,"{'Al': 0.25, 'Nb': 0.25, 'Ti': 0.25, 'V': 0.25}"
AlNbTiV,1000,110,0.0001,1,0,1200,24,100,"{'Al': 0.25, 'Nb': 0.25, 'Ti': 0.25, 'V': 0.25}"
AlNbTiV,800,560,0.0001,1,0,1200,24,100,"{'Al': 0.25, 'Nb': 0.25, 'Ti': 0.25, 'V': 0.25}"
AlNbTiV,600,780,0.0001,1,0,1200,24,100,"{'Al': 0.25, 'Nb': 0.25, 'Ti': 0.25, 'V': 0.25}"
AlCrMoNbTi,25,1010,0.001,1,0,1300,20,4.2,"{'Al': 0.2, 'Cr': 0.2, 'Mo': 0.2, 'Nb': 0.2, 'Ti': 0.2}"
AlCrMoNbTi,1200,105,0.001,1,0,1300,20,4.2,"{'Al': 0.2, 'Cr': 0.2, 'Mo': 0.2, 'Nb': 0.2, 'Ti': 0.2}"
AlCrMoNbTi,1000,594,0.001,1,0,1300,20,4.2,"{'Al': 0.2, 'Cr': 0.2, 'Mo': 0.2, 'Nb': 0.2, 'Ti': 0.2}"
AlCrMoNbTi,800,860,0.001,1,0,1300,20,4.2,"{'Al': 0.2, 'Cr': 0.2, 'Mo': 0.2, 'Nb': 0.2, 'Ti': 0.2}"
AlCrMoNbTi,600,1060,0.001,1,0,1300,20,4.2,"{'Al': 0.2, 'Cr': 0.2, 'Mo': 0.2, 'Nb': 0.2, 'Ti': 0.2}"
AlCrMoNbTi,400,1080,0.001,1,0,1300,20,4.2,"{'Al': 0.2, 'Cr': 0.2, 'Mo': 0.2, 'Nb': 0.2, 'Ti': 0.2}"
AlCrMoNbTi,1200,150,0.001,1,0,1300,20,4.2,"{'Al': 0.2, 'Cr': 0.2, 'Mo': 0.2, 'Nb': 0.2, 'Ti': 0.2}"
AlCrMoNbTi,1000,550,0.001,1,0,1300,20,4.2,"{'Al': 0.2, 'Cr': 0.2, 'Mo': 0.2, 'Nb': 0.2, 'Ti': 0.2}"
AlCrMoNbTi,800,875,0.001,1,0,1300,20,4.2,"{'Al': 0.2, 'Cr': 0.2, 'Mo': 0.2, 'Nb': 0.2, 'Ti': 0.2}"
AlCrMoNbTi,600,930,0.001,1,0,1300,20,4.2,"{'Al': 0.2, 'Cr': 0.2, 'Mo': 0.2, 'Nb': 0.2, 'Ti': 0.2}"
AlCrMoTi,1200,100,0.001,1,0,1200,20,4.2,"{'Al': 0.25, 'Cr': 0.25, 'Mo': 0.25, 'Ti': 0.25}"
AlCrMoTi,1000,375,0.001,1,0,1200,20,4.2,"{'Al': 0.25, 'Cr': 0.25, 'Mo': 0.25, 'Ti': 0.25}"
AlCrMoTi,800,875,0.001,1,0,1200,20,4.2,"{'Al': 0.25, 'Cr': 0.25, 'Mo': 0.25, 'Ti': 0.25}"
AlCrMoTi,600,1020,0.001,1,0,1200,20,4.2,"{'Al': 0.25, 'Cr': 0.25, 'Mo': 0.25, 'Ti': 0.25}"
AlCrMoTi,400,1070,0.001,1,0,1200,20,4.2,"{'Al': 0.25, 'Cr': 0.25, 'Mo': 0.25, 'Ti': 0.25}"
AlMoNbTi,1200,200,0.001,1,0,1500,20,4.2,"{'Al': 0.25, 'Mo': 0.25, 'Nb': 0.25, 'Ti': 0.25}"
AlMoNbTi,1000,540,0.001,1,0,1500,20,4.2,"{'Al': 0.25, 'Mo': 0.25, 'Nb': 0.25, 'Ti': 0.25}"
AlMoNbTi,800,500,0.001,1,0,1500,20,4.2,"{'Al': 0.25, 'Mo': 0.25, 'Nb': 0.25, 'Ti': 0.25}"
AlMoNbTi,600,520,0.001,1,0,1500,20,4.2,"{'Al': 0.25, 'Mo': 0.25, 'Nb': 0.25, 'Ti': 0.25}"
AlMo0.5NbTa0.5TiZr,25,2000,0.001,1,2,1400,24,10,"{'Al': 0.2, 'Mo': 0.1, 'Nb': 0.2, 'Ta': 0.1, 'Ti': 0.2, 'Zr': 0.2}"
AlMo0.5NbTa0.5TiZr,1200,250,0.001,1,2,1400,24,10,"{'Al': 0.2, 'Mo': 0.1, 'Nb': 0.2, 'Ta': 0.1, 'Ti': 0.2, 'Zr': 0.2}"
AlMo0.5NbTa0.5TiZr,1000,745,0.001,1,2,1400,24,10,"{'Al': 0.2, 'Mo': 0.1, 'Nb': 0.2, 'Ta': 0.1, 'Ti': 0.2, 'Zr': 0.2}"
AlMo0.5NbTa0.5TiZr,800,1597,0.001,1,2,1400,24,10,"{'Al': 0.2, 'Mo': 0.1, 'Nb': 0.2, 'Ta': 0.1, 'Ti': 0.2, 'Zr': 0.2}"
AlMo0.5NbTa0.5TiZr,600,1870,0.001,1,2,1400,24,10,"{'Al': 0.2, 'Mo': 0.1, 'Nb': 0.2, 'Ta': 0.1, 'Ti': 0.2, 'Zr': 0.2}"
AlNbTiV,25,1020,0.001,1,0,1200,24,10,"{'Al': 0.25, 'Nb': 0.25, 'Ti': 0.25, 'V': 0.25}"
AlNbTiV,1000,158,0.001,1,0,1200,24,10,"{'Al': 0.25, 'Nb': 0.25, 'Ti': 0.25, 'V': 0.25}"
AlNbTiV,800,685,0.001,1,0,1200,24,10,"{'Al': 0.25, 'Nb': 0.25, 'Ti': 0.25, 'V': 0.25}"
AlNbTiV,600,810,0.001,1,0,1200,24,10,"{'Al': 0.25, 'Nb': 0.25, 'Ti': 0.25, 'V': 0.25}"
AlNbTiV,25,1000,0.0001,1,0,1200,24,10,"{'Al': 0.25, 'Nb': 0.25, 'Ti': 0.25, 'V': 0.25}"
AlNbTiV,800,560,0.0001,1,0,1200,24,10,"{'Al': 0.25, 'Nb': 0.25, 'Ti': 0.25, 'V': 0.25}"
AlNbTiV,600,780,0.0001,1,0,1200,24,10,"{'Al': 0.25, 'Nb': 0.25, 'Ti': 0.25, 'V': 0.25}"
AlNbTiVZr,25,1500,0.0001,1,0,1200,24,10,"{'Al': 0.2, 'Nb': 0.2, 'Ti': 0.2, 'V': 0.2, 'Zr': 0.2}"
AlNbTiVZr,800,550,0.0001,1,0,1200,24,10,"{'Al': 0.2, 'Nb': 0.2, 'Ti': 0.2, 'V': 0.2, 'Zr': 0.2}"
AlNbTiVZr,600,1155,0.0001,1,0,1200,24,10,"{'Al': 0.2, 'Nb': 0.2, 'Ti': 0.2, 'V': 0.2, 'Zr': 0.2}"
AlNbTiVZr0.1,25,1290,0.0001,1,0,1200,24,10,"{'Al': 0.24390243902439027, 'Nb': 0.24390243902439027, 'Ti': 0.24390243902439027, 'V': 0.24390243902439027, 'Zr': 0.02439024390243903}"
AlNbTiVZr0.1,800,865,0.0001,1,0,1200,24,10,"{'Al': 0.24390243902439027, 'Nb': 0.24390243902439027, 'Ti': 0.24390243902439027, 'V': 0.24390243902439027, 'Zr': 0.02439024390243903}"
AlNbTiVZr0.1,600,975,0.0001,1,0,1200,24,10,"{'Al': 0.24390243902439027, 'Nb': 0.24390243902439027, 'Ti': 0.24390243902439027, 'V': 0.24390243902439027, 'Zr': 0.02439024390243903}"
AlNbTiVZr0.25,25,1360,0.0001,1,0,1200,24,10,"{'Al': 0.23529411764705882, 'Nb': 0.23529411764705882, 'Ti': 0.23529411764705882, 'V': 0.23529411764705882, 'Zr': 0.058823529411764705}"
AlNbTiVZr0.25,800,855,0.0001,1,0,1200,24,10,"{'Al': 0.23529411764705882, 'Nb': 0.23529411764705882, 'Ti': 0.23529411764705882, 'V': 0.23529411764705882, 'Zr': 0.058823529411764705}"
AlNbTiVZr0.25,600,1065,0.0001,1,0,1200,24,10,"{'Al': 0.23529411764705882, 'Nb': 0.23529411764705882, 'Ti': 0.23529411764705882, 'V': 0.23529411764705882, 'Zr': 0.058823529411764705}"
AlNbTiVZr0.5,25,1485,0.0001,1,0,1200,24,10,"{'Al': 0.2222222222222222, 'Nb': 0.2222222222222222, 'Ti': 0.2222222222222222, 'V': 0.2222222222222222, 'Zr': 0.1111111111111111}"
AlNbTiVZr0.5,800,675,0.0001,1,0,1200,24,10,"{'Al': 0.2222222222222222, 'Nb': 0.2222222222222222, 'Ti': 0.2222222222222222, 'V': 0.2222222222222222, 'Zr': 0.1111111111111111}"
AlNbTiVZr0.5,600,1135,0.0001,1,0,1200,24,10,"{'Al': 0.2222222222222222, 'Nb': 0.2222222222222222, 'Ti': 0.2222222222222222, 'V': 0.2222222222222222, 'Zr': 0.1111111111111111}"
AlNbTiVZr1.5,25,1535,0.0001,1,0,1200,24,10,"{'Al': 0.18181818181818182, 'Nb': 0.18181818181818182, 'Ti': 0.18181818181818182, 'V': 0.18181818181818182, 'Zr': 0.2727272727272727}"
AlNbTiVZr1.5,800,180,0.0001,1,0,1200,24,10,"{'Al': 0.18181818181818182, 'Nb': 0.18181818181818182, 'Ti': 0.18181818181818182, 'V': 0.18181818181818182, 'Zr': 0.2727272727272727}"
AlNbTiVZr1.5,600,1195,0.0001,1,0,1200,24,10,"{'Al': 0.18181818181818182, 'Nb': 0.18181818181818182, 'Ti': 0.18181818181818182, 'V': 0.18181818181818182, 'Zr': 0.2727272727272727}"
C0.1Hf0.5Mo0.5NbTiZr,25,1183,0.001,1,0,25,0,10,"{'C': 0.02439024390243903, 'Hf': 0.12195121951219513, 'Mo': 0.12195121951219513, 'Nb': 0.24390243902439027, 'Ti': 0.24390243902439027, 'Zr': 0.24390243902439027}"
C0.3Hf0.5Mo0.5NbTiZr,25,1201,0.001,1,0,25,0,10,"{'C': 0.06976744186046512, 'Hf': 0.11627906976744186, 'Mo': 0.11627906976744186, 'Nb': 0.23255813953488372, 'Ti': 0.23255813953488372, 'Zr': 0.23255813953488372}"
Hf0.5Mo0.5NbTiZr,25,1176,0.001,1,0,25,0,10,"{'Hf': 0.125, 'Mo': 0.125, 'Nb': 0.25, 'Ti': 0.25, 'Zr': 0.25}"
CoCrMoNb,25,1419.6,0.001,1,0,25,0,10,"{'Co': 0.25, 'Cr': 0.25, 'Mo': 0.25, 'Nb': 0.25}"
CoCrMoNbTi,25,1096.8,0.001,1,0,25,0,10,"{'Co': 0.2, 'Cr': 0.2, 'Mo': 0.2, 'Nb': 0.2, 'Ti': 0.2}"
CoCrMoNbTi0.2,25,1905.6,0.001,1,0,25,0,10,"{'Co': 0.23809523809523808, 'Cr': 0.23809523809523808, 'Mo': 0.23809523809523808, 'Nb': 0.23809523809523808, 'Ti': 0.047619047619047616}"
CoCrMoNbTi0.4,25,1771.3,0.001,1,0,25,0,10,"{'Co': 0.22727272727272727, 'Cr': 0.22727272727272727, 'Mo': 0.22727272727272727, 'Nb': 0.22727272727272727, 'Ti': 0.09090909090909091}"
CoCrMoNbTi0.5,25,1609.2,0.001,1,0,25,0,10,"{'Co': 0.2222222222222222, 'Cr': 0.2222222222222222, 'Mo': 0.2222222222222222, 'Nb': 0.2222222222222222, 'Ti': 0.1111111111111111}"
CrHfNbTiZr,25,1457,0.0005,1,0,500,0.167,10,"{'Cr': 0.2, 'Hf': 0.2, 'Nb': 0.2, 'Ti': 0.2, 'Zr': 0.2}"
CrHfNbTiZr,25,1420,0.0005,1,0,300,0.167,10,"{'Cr': 0.2, 'Hf': 0.2, 'Nb': 0.2, 'Ti': 0.2, 'Zr': 0.2}"
CrHfNbTiZr,25,1375,0.0005,1,0,25,0,10,"{'Cr': 0.2, 'Hf': 0.2, 'Nb': 0.2, 'Ti': 0.2, 'Zr': 0.2}"
CrHfNbTiZr,25,1328,0.0005,1,0,900,0.167,10,"{'Cr': 0.2, 'Hf': 0.2, 'Nb': 0.2, 'Ti': 0.2, 'Zr': 0.2}"
CrHfNbTiZr,25,1322,0.0005,1,0,700,0.167,10,"{'Cr': 0.2, 'Hf': 0.2, 'Nb': 0.2, 'Ti': 0.2, 'Zr': 0.2}"
HfNbTiVZr,25,1157,0.0005,1,0,900,0.167,10,"{'Hf': 0.2, 'Nb': 0.2, 'Ti': 0.2, 'V': 0.2, 'Zr': 0.2}"
HfNbTiVZr,25,1170,0.0005,1,0,25,0,10,"{'Hf': 0.2, 'Nb': 0.2, 'Ti': 0.2, 'V': 0.2, 'Zr': 0.2}"
HfNbTiVZr,25,1253,0.0005,1,0,500,0.167,10,"{'Hf': 0.2, 'Nb': 0.2, 'Ti': 0.2, 'V': 0.2, 'Zr': 0.2}"
HfNbTiVZr,25,1140,0.0005,1,0,700,0.167,10,"{'Hf': 0.2, 'Nb': 0.2, 'Ti': 0.2, 'V': 0.2, 'Zr': 0.2}"
HfNbTiVZr,25,1120,0.0005,1,0,300,0.167,10,"{'Hf': 0.2, 'Nb': 0.2, 'Ti': 0.2, 'V': 0.2, 'Zr': 0.2}"
CrMo0.5NbTa0.5TiZr,25,1595,0.001,1,3,1450,3,20,"{'Cr': 0.2, 'Mo': 0.1, 'Nb': 0.2, 'Ta': 0.1, 'Ti': 0.2, 'Zr': 0.2}"
CrMo0.5NbTa0.5TiZr,1200,170,0.001,1,3,1450,3,20,"{'Cr': 0.2, 'Mo': 0.1, 'Nb': 0.2, 'Ta': 0.1, 'Ti': 0.2, 'Zr': 0.2}"
CrMo0.5NbTa0.5TiZr,1000,546,0.001,1,3,1450,3,20,"{'Cr': 0.2, 'Mo': 0.1, 'Nb': 0.2, 'Ta': 0.1, 'Ti': 0.2, 'Zr': 0.2}"
CrMo0.5NbTa0.5TiZr,800,983,0.001,1,3,1450,3,20,"{'Cr': 0.2, 'Mo': 0.1, 'Nb': 0.2, 'Ta': 0.1, 'Ti': 0.2, 'Zr': 0.2}"
CrNbTiVZr,25,1298,0.001,1,2,1200,24,10,"{'Cr': 0.2, 'Nb': 0.2, 'Ti': 0.2, 'V': 0.2, 'Zr': 0.2}"
CrNbTiVZr,1000,259,0.001,1,2,1200,24,10,"{'Cr': 0.2, 'Nb': 0.2, 'Ti': 0.2, 'V': 0.2, 'Zr': 0.2}"
CrNbTiVZr,800,615,0.001,1,2,1200,24,10,"{'Cr': 0.2, 'Nb': 0.2, 'Ti': 0.2, 'V': 0.2, 'Zr': 0.2}"
CrNbTiVZr,600,1230,0.001,1,2,1200,24,10,"{'Cr': 0.2, 'Nb': 0.2, 'Ti': 0.2, 'V': 0.2, 'Zr': 0.2}"
CrNbTiZr,25,1260,0.001,1,2,1200,24,10,"{'Cr': 0.25, 'Nb': 0.25, 'Ti': 0.25, 'Zr': 0.25}"
CrNbTiZr,1000,115,0.001,1,2,1200,24,10,"{'Cr': 0.25, 'Nb': 0.25, 'Ti': 0.25, 'Zr': 0.25}"
CrNbTiZr,800,300,0.001,1,2,1200,24,10,"{'Cr': 0.25, 'Nb': 0.25, 'Ti': 0.25, 'Zr': 0.25}"
CrNbTiZr,600,1035,0.001,1,2,1200,24,10,"{'Cr': 0.25, 'Nb': 0.25, 'Ti': 0.25, 'Zr': 0.25}"
NbTiV2Zr,25,918,0.001,1,2,1200,24,10,"{'Nb': 0.2, 'Ti': 0.2, 'V': 0.4, 'Zr': 0.2}"
NbTiV2Zr,1000,72,0.001,1,2,1200,24,10,"{'Nb': 0.2, 'Ti': 0.2, 'V': 0.4, 'Zr': 0.2}"
NbTiV2Zr,800,240,0.001,1,2,1200,24,10,"{'Nb': 0.2, 'Ti': 0.2, 'V': 0.4, 'Zr': 0.2}"
NbTiV2Zr,600,571,0.001,1,2,1200,24,10,"{'Nb': 0.2, 'Ti': 0.2, 'V': 0.4, 'Zr': 0.2}"
NbTiVZr,25,1105,0.001,1,2,1200,24,10,"{'Nb': 0.25, 'Ti': 0.25, 'V': 0.25, 'Zr': 0.25}"
NbTiVZr,1000,58,0.001,1,2,1200,24,10,"{'Nb': 0.25, 'Ti': 0.25, 'V': 0.25, 'Zr': 0.25}"
NbTiVZr,800,187,0.001,1,2,1200,24,10,"{'Nb': 0.25, 'Ti': 0.25, 'V': 0.25, 'Zr': 0.25}"
NbTiVZr,600,834,0.001,1,2,1200,24,10,"{'Nb': 0.25, 'Ti': 0.25, 'V': 0.25, 'Zr': 0.25}"
CrTaTi0.17VW,25,2034,0.001,0,0,25,0,10,"{'Cr': 0.23980815347721823, 'Ta': 0.23980815347721823, 'Ti': 0.0407673860911271, 'V': 0.23980815347721823, 'W': 0.23980815347721823}"
CrTaTi0.17VW,1200,750,0.001,0,0,25,0,10,"{'Cr': 0.23980815347721823, 'Ta': 0.23980815347721823, 'Ti': 0.0407673860911271, 'V': 0.23980815347721823, 'W': 0.23980815347721823}"
CrTaTi0.3VW,25,2050,0.001,0,0,25,0,10,"{'Cr': 0.23255813953488372, 'Ta': 0.23255813953488372, 'Ti': 0.06976744186046512, 'V': 0.23255813953488372, 'W': 0.23255813953488372}"
CrTaTi0.3VW,1200,586,0.001,0,0,25,0,10,"{'Cr': 0.23255813953488372, 'Ta': 0.23255813953488372, 'Ti': 0.06976744186046512, 'V': 0.23255813953488372, 'W': 0.23255813953488372}"
CrTaVW,25,2327,0.001,0,0,25,0,10,"{'Cr': 0.25, 'Ta': 0.25, 'V': 0.25, 'W': 0.25}"
CrTaVW,1200,979,0.001,0,0,25,0,10,"{'Cr': 0.25, 'Ta': 0.25, 'V': 0.25, 'W': 0.25}"
Hf0.4Nb1.54Ta1.54Ti0.89Zr0.64,25,822,0.0001,1,0,25,0,10,"{'Hf': 0.07984031936127746, 'Nb': 0.3073852295409182, 'Ta': 0.3073852295409182, 'Ti': 0.17764471057884232, 'Zr': 0.12774451097804393}"
Hf0.4Nb1.54Ta1.54Ti0.89Zr0.64,300,590,0.0001,1,0,25,0,10,"{'Hf': 0.07984031936127746, 'Nb': 0.3073852295409182, 'Ta': 0.3073852295409182, 'Ti': 0.17764471057884232, 'Zr': 0.12774451097804393}"
Hf0.4Nb1.54Ta1.54Ti0.89Zr0.64,200,650,0.0001,1,0,25,0,10,"{'Hf': 0.07984031936127746, 'Nb': 0.3073852295409182, 'Ta': 0.3073852295409182, 'Ti': 0.17764471057884232, 'Zr': 0.12774451097804393}"
Hf0.4Nb1.54Ta1.54Ti0.89Zr0.64,100,765,0.0001,1,0,25,0,10,"{'Hf': 0.07984031936127746, 'Nb': 0.3073852295409182, 'Ta': 0.3073852295409182, 'Ti': 0.17764471057884232, 'Zr': 0.12774451097804393}"
Hf0.4Nb1.54Ta1.54Ti0.89Zr0.64,60,795,0.0001,1,0,25,0,10,"{'Hf': 0.07984031936127746, 'Nb': 0.3073852295409182, 'Ta': 0.3073852295409182, 'Ti': 0.17764471057884232, 'Zr': 0.12774451097804393}"
Hf0.5Mo0.5NbSi0.1TiZr,25,1350,0.001,1,0,25,0,10,"{'Hf': 0.12195121951219513, 'Mo': 0.12195121951219513, 'Nb': 0.24390243902439027, 'Si': 0.02439024390243903, 'Ti': 0.24390243902439027, 'Zr': 0.24390243902439027}"
Hf0.5Mo0.5NbSi0.3TiZr,25,1370,0.001,1,0,25,0,10,"{'Hf': 0.11627906976744186, 'Mo': 0.11627906976744186, 'Nb': 0.23255813953488372, 'Si': 0.06976744186046512, 'Ti': 0.23255813953488372, 'Zr': 0.23255813953488372}"
Hf0.5Mo0.5NbSi0.5TiZr,25,1600,0.001,1,0,25,0,10,"{'Hf': 0.1111111111111111, 'Mo': 0.1111111111111111, 'Nb': 0.2222222222222222, 'Si': 0.1111111111111111, 'Ti': 0.2222222222222222, 'Zr': 0.2222222222222222}"
Hf0.5Mo0.5NbSi0.7TiZr,25,1550,0.001,1,0,25,0,10,"{'Hf': 0.10638297872340426, 'Mo': 0.10638297872340426, 'Nb': 0.2127659574468085, 'Si': 0.14893617021276595, 'Ti': 0.2127659574468085, 'Zr': 0.2127659574468085}"
Hf0.5Mo0.5NbSi0.9TiZr,25,1650,0.001,1,0,25,0,10,"{'Hf': 0.1020408163265306, 'Mo': 0.1020408163265306, 'Nb': 0.2040816326530612, 'Si': 0.18367346938775508, 'Ti': 0.2040816326530612, 'Zr': 0.2040816326530612}"
Hf0.5Mo0.5NbTiZr,25,1150,0.001,1,0,25,0,10,"{'Hf': 0.125, 'Mo': 0.125, 'Nb': 0.25, 'Ti': 0.25, 'Zr': 0.25}"
Hf0.5Nb0.5Ta0.5Ti1.5Zr,25,903,0.001,1,0,25,0,10,"{'Hf': 0.125, 'Nb': 0.125, 'Ta': 0.125, 'Ti': 0.375, 'Zr': 0.25}"
Hf0.75NbTa0.5Ti1.5Zr1.25,25,1150,0.0003,1,0,25,0,10,"{'Hf': 0.15, 'Nb': 0.2, 'Ta': 0.1, 'Ti': 0.3, 'Zr': 0.25}"
Hf0.75NbTa0.5Ti1.5Zr1.25,25,1100,0.0003,1,0,25,0,10,"{'Hf': 0.15, 'Nb': 0.2, 'Ta': 0.1, 'Ti': 0.3, 'Zr': 0.25}"
Hf0.75NbTa0.5Ti1.5Zr1.25,25,890,0.0003,1,0,997,1,10,"{'Hf': 0.15, 'Nb': 0.2, 'Ta': 0.1, 'Ti': 0.3, 'Zr': 0.25}"
Hf0.75NbTa0.5Ti1.5Zr1.25,72,1040,0.0003,1,0,25,0,10,"{'Hf': 0.15, 'Nb': 0.2, 'Ta': 0.1, 'Ti': 0.3, 'Zr': 0.25}"
Hf0.75NbTa0.5Ti1.5Zr1.25,72,1020,0.0003,1,0,25,0,10,"{'Hf': 0.15, 'Nb': 0.2, 'Ta': 0.1, 'Ti': 0.3, 'Zr': 0.25}"
Hf0.75NbTa0.5Ti1.5Zr1.25,72,640,0.0003,1,0,997,1,10,"{'Hf': 0.15, 'Nb': 0.2, 'Ta': 0.1, 'Ti': 0.3, 'Zr': 0.25}"
Hf0.75NbTa0.5Ti1.5Zr1.25,-43,1200,0.0003,1,0,25,0,10,"{'Hf': 0.15, 'Nb': 0.2, 'Ta': 0.1, 'Ti': 0.3, 'Zr': 0.25}"
Hf0.75NbTa0.5Ti1.5Zr1.25,-43,1180,0.0003,1,0,25,0,10,"{'Hf': 0.15, 'Nb': 0.2, 'Ta': 0.1, 'Ti': 0.3, 'Zr': 0.25}"
Hf0.75NbTa0.5Ti1.5Zr1.25,-43,1020,0.0003,1,0,997,1,10,"{'Hf': 0.15, 'Nb': 0.2, 'Ta': 0.1, 'Ti': 0.3, 'Zr': 0.25}"
Hf0.75NbTa0.5Ti1.5Zr1.25,-103,1380,0.0003,1,0,25,0,10,"{'Hf': 0.15, 'Nb': 0.2, 'Ta': 0.1, 'Ti': 0.3, 'Zr': 0.25}"
Hf0.75NbTa0.5Ti1.5Zr1.25,-103,1370,0.0003,1,0,25,0,10,"{'Hf': 0.15, 'Nb': 0.2, 'Ta': 0.1, 'Ti': 0.3, 'Zr': 0.25}"
Hf0.75NbTa0.5Ti1.5Zr1.25,-103,1250,0.0003,1,0,997,1,10,"{'Hf': 0.15, 'Nb': 0.2, 'Ta': 0.1, 'Ti': 0.3, 'Zr': 0.25}"
Hf0.75NbTa0.5Ti1.5Zr1.25,-153,1640,0.0003,1,0,25,0,10,"{'Hf': 0.15, 'Nb': 0.2, 'Ta': 0.1, 'Ti': 0.3, 'Zr': 0.25}"
Hf0.75NbTa0.5Ti1.5Zr1.25,-153,1550,0.0003,1,0,25,0,10,"{'Hf': 0.15, 'Nb': 0.2, 'Ta': 0.1, 'Ti': 0.3, 'Zr': 0.25}"
Hf0.75NbTa0.5Ti1.5Zr1.25,-153,1370,0.0003,1,0,997,1,10,"{'Hf': 0.15, 'Nb': 0.2, 'Ta': 0.1, 'Ti': 0.3, 'Zr': 0.25}"
Hf0.75NbTa0.5Ti1.5Zr1.25,-196,1920,0.0003,1,0,997,1,10,"{'Hf': 0.15, 'Nb': 0.2, 'Ta': 0.1, 'Ti': 0.3, 'Zr': 0.25}"
Hf0.75NbTa0.5Ti1.5Zr1.25,-196,1880,0.0003,1,0,25,0,10,"{'Hf': 0.15, 'Nb': 0.2, 'Ta': 0.1, 'Ti': 0.3, 'Zr': 0.25}"
Hf0.75NbTa0.5Ti1.5Zr1.25,-196,1750,0.0003,1,0,25,0,10,"{'Hf': 0.15, 'Nb': 0.2, 'Ta': 0.1, 'Ti': 0.3, 'Zr': 0.25}"
Hf0.75NbTa0.5Ti1.5Zr1.25,-268.8,2390,0.0003,1,0,997,1,10,"{'Hf': 0.15, 'Nb': 0.2, 'Ta': 0.1, 'Ti': 0.3, 'Zr': 0.25}"
Hf0.75NbTa0.5Ti1.5Zr1.25,-268.8,2250,0.0003,1,0,25,0,10,"{'Hf': 0.15, 'Nb': 0.2, 'Ta': 0.1, 'Ti': 0.3, 'Zr': 0.25}"
Hf0.75NbTa0.5Ti1.5Zr1.25,-268.8,2210,0.0003,1,0,25,0,10,"{'Hf': 0.15, 'Nb': 0.2, 'Ta': 0.1, 'Ti': 0.3, 'Zr': 0.25}"
HfMo0.25NbTaTiZr,25,1112,0.001,1,0,25,0,10,"{'Hf': 0.19047619047619047, 'Mo': 0.047619047619047616, 'Nb': 0.19047619047619047, 'Ta': 0.19047619047619047, 'Ti': 0.19047619047619047, 'Zr': 0.19047619047619047}"
HfMo0.5NbTaTiZr,25,1317,0.001,1,0,25,0,10,"{'Hf': 0.18181818181818182, 'Mo': 0.09090909090909091, 'Nb': 0.18181818181818182, 'Ta': 0.18181818181818182, 'Ti': 0.18181818181818182, 'Zr': 0.18181818181818182}"
HfMo0.75NbTaTiZr,25,1373,0.001,1,0,25,0,10,"{'Hf': 0.17391304347826086, 'Mo': 0.13043478260869565, 'Nb': 0.17391304347826086, 'Ta': 0.17391304347826086, 'Ti': 0.17391304347826086, 'Zr': 0.17391304347826086}"
HfMoNbTaTiZr,25,1512,0.001,1,0,25,0,10,"{'Hf': 0.16666666666666666, 'Mo': 0.16666666666666666, 'Nb': 0.16666666666666666, 'Ta': 0.16666666666666666, 'Ti': 0.16666666666666666, 'Zr': 0.16666666666666666}"
HfNbTaTiZr,25,1015,0.001,1,0,25,0,10,"{'Hf': 0.2, 'Nb': 0.2, 'Ta': 0.2, 'Ti': 0.2, 'Zr': 0.2}"
HfMo0.5NbSi0.3TiV0.5,25,1617,0.001,0,0,25,0,10,"{'Hf': 0.23255813953488372, 'Mo': 0.11627906976744186, 'Nb': 0.23255813953488372, 'Si': 0.06976744186046512, 'Ti': 0.23255813953488372, 'V': 0.11627906976744186}"
HfMo0.5NbSi0.3TiV0.5,1200,166,0.001,0,0,25,0,10,"{'Hf': 0.23255813953488372, 'Mo': 0.11627906976744186, 'Nb': 0.23255813953488372, 'Si': 0.06976744186046512, 'Ti': 0.23255813953488372, 'V': 0.11627906976744186}"
HfMo0.5NbSi0.3TiV0.5,1000,398,0.001,0,0,25,0,10,"{'Hf': 0.23255813953488372, 'Mo': 0.11627906976744186, 'Nb': 0.23255813953488372, 'Si': 0.06976744186046512, 'Ti': 0.23255813953488372, 'V': 0.11627906976744186}"
HfMo0.5NbSi0.5TiV0.5,25,1787,0.001,0,0,25,0,10,"{'Hf': 0.2222222222222222, 'Mo': 0.1111111111111111, 'Nb': 0.2222222222222222, 'Si': 0.1111111111111111, 'Ti': 0.2222222222222222, 'V': 0.1111111111111111}"
HfMo0.5NbSi0.5TiV0.5,1200,188,0.001,0,0,25,0,10,"{'Hf': 0.2222222222222222, 'Mo': 0.1111111111111111, 'Nb': 0.2222222222222222, 'Si': 0.1111111111111111, 'Ti': 0.2222222222222222, 'V': 0.1111111111111111}"
HfMo0.5NbSi0.5TiV0.5,1000,614,0.001,0,0,25,0,10,"{'Hf': 0.2222222222222222, 'Mo': 0.1111111111111111, 'Nb': 0.2222222222222222, 'Si': 0.1111111111111111, 'Ti': 0.2222222222222222, 'V': 0.1111111111111111}"
HfMo0.5NbSi0.7TiV0.5,25,2134,0.001,0,0,25,0,10,"{'Hf': 0.2127659574468085, 'Mo': 0.10638297872340426, 'Nb': 0.2127659574468085, 'Si': 0.14893617021276595, 'Ti': 0.2127659574468085, 'V': 0.10638297872340426}"
HfMo0.5NbSi0.7TiV0.5,1200,235,0.001,0,0,25,0,10,"{'Hf': 0.2127659574468085, 'Mo': 0.10638297872340426, 'Nb': 0.2127659574468085, 'Si': 0.14893617021276595, 'Ti': 0.2127659574468085, 'V': 0.10638297872340426}"
HfMo0.5NbSi0.7TiV0.5,1000,673,0.001,0,0,25,0,10,"{'Hf': 0.2127659574468085, 'Mo': 0.10638297872340426, 'Nb': 0.2127659574468085, 'Si': 0.14893617021276595, 'Ti': 0.2127659574468085, 'V': 0.10638297872340426}"
HfMo0.5NbTiV0.5,25,1260,0.001,0,0,25,0,10,"{'Hf': 0.25, 'Mo': 0.125, 'Nb': 0.25, 'Ti': 0.25, 'V': 0.125}"
HfMo0.5NbTiV0.5,1200,60,0.001,0,0,25,0,10,"{'Hf': 0.25, 'Mo': 0.125, 'Nb': 0.25, 'Ti': 0.25, 'V': 0.125}"
HfMo0.5NbTiV0.5,1000,368,0.001,0,0,25,0,10,"{'Hf': 0.25, 'Mo': 0.125, 'Nb': 0.25, 'Ti': 0.25, 'V': 0.125}"
HfMoNbTaTiZr,25,1512,0.001,1,0,25,0,10,"{'Hf': 0.16666666666666666, 'Mo': 0.16666666666666666, 'Nb': 0.16666666666666666, 'Ta': 0.16666666666666666, 'Ti': 0.16666666666666666, 'Zr': 0.16666666666666666}"
HfMoNbTaTiZr,1200,556,0.001,1,0,25,0,10,"{'Hf': 0.16666666666666666, 'Mo': 0.16666666666666666, 'Nb': 0.16666666666666666, 'Ta': 0.16666666666666666, 'Ti': 0.16666666666666666, 'Zr': 0.16666666666666666}"
HfMoNbTaTiZr,1000,814,0.001,1,0,25,0,10,"{'Hf': 0.16666666666666666, 'Mo': 0.16666666666666666, 'Nb': 0.16666666666666666, 'Ta': 0.16666666666666666, 'Ti': 0.16666666666666666, 'Zr': 0.16666666666666666}"
HfMoNbTaTiZr,800,1007,0.001,1,0,25,0,10,"{'Hf': 0.16666666666666666, 'Mo': 0.16666666666666666, 'Nb': 0.16666666666666666, 'Ta': 0.16666666666666666, 'Ti': 0.16666666666666666, 'Zr': 0.16666666666666666}"
HfMoTaTiZr,25,1600,0.001,1,0,25,0,10,"{'Hf': 0.2, 'Mo': 0.2, 'Ta': 0.2, 'Ti': 0.2, 'Zr': 0.2}"
HfMoTaTiZr,1200,404,0.001,1,0,25,0,10,"{'Hf': 0.2, 'Mo': 0.2, 'Ta': 0.2, 'Ti': 0.2, 'Zr': 0.2}"
HfMoTaTiZr,1000,855,0.001,1,0,25,0,10,"{'Hf': 0.2, 'Mo': 0.2, 'Ta': 0.2, 'Ti': 0.2, 'Zr': 0.2}"
HfMoTaTiZr,800,1045,0.001,1,0,25,0,10,"{'Hf': 0.2, 'Mo': 0.2, 'Ta': 0.2, 'Ti': 0.2, 'Zr': 0.2}"
HfMoNbTiZr,25,1719,0.001,1,0,25,0,10,"{'Hf': 0.2, 'Mo': 0.2, 'Nb': 0.2, 'Ti': 0.2, 'Zr': 0.2}"
HfMoNbTiZr,25,1575,0.001,1,0,1100,10,10,"{'Hf': 0.2, 'Mo': 0.2, 'Nb': 0.2, 'Ti': 0.2, 'Zr': 0.2}"
HfMoNbTiZr,1200,187,0.001,1,0,25,0,10,"{'Hf': 0.2, 'Mo': 0.2, 'Nb': 0.2, 'Ti': 0.2, 'Zr': 0.2}"
HfMoNbTiZr,1100,397,0.001,1,0,25,0,10,"{'Hf': 0.2, 'Mo': 0.2, 'Nb': 0.2, 'Ti': 0.2, 'Zr': 0.2}"
HfMoNbTiZr,1000,635,0.001,1,0,25,0,10,"{'Hf': 0.2, 'Mo': 0.2, 'Nb': 0.2, 'Ti': 0.2, 'Zr': 0.2}"
HfMoNbTiZr,900,728,0.001,1,0,25,0,10,"{'Hf': 0.2, 'Mo': 0.2, 'Nb': 0.2, 'Ti': 0.2, 'Zr': 0.2}"
HfMoNbTiZr,800,825,0.001,1,0,25,0,10,"{'Hf': 0.2, 'Mo': 0.2, 'Nb': 0.2, 'Ti': 0.2, 'Zr': 0.2}"
HfNb0.18Ta0.18Ti1.27Zr,25,540,0.0001,1,0,900,0.5,10,"{'Hf': 0.27548209366391185, 'Nb': 0.049586776859504134, 'Ta': 0.049586776859504134, 'Ti': 0.3498622589531681, 'Zr': 0.27548209366391185}"
HfNbSi0.5TiV,25,1399,0.001,0,0,25,0,10,"{'Hf': 0.2222222222222222, 'Nb': 0.2222222222222222, 'Si': 0.1111111111111111, 'Ti': 0.2222222222222222, 'V': 0.2222222222222222}"
HfNbSi0.5TiV,1000,240,0.001,0,0,25,0,10,"{'Hf': 0.2222222222222222, 'Nb': 0.2222222222222222, 'Si': 0.1111111111111111, 'Ti': 0.2222222222222222, 'V': 0.2222222222222222}"
HfNbSi0.5TiV,800,875,0.001,0,0,25,0,10,"{'Hf': 0.2222222222222222, 'Nb': 0.2222222222222222, 'Si': 0.1111111111111111, 'Ti': 0.2222222222222222, 'V': 0.2222222222222222}"
HfNbSi0.5TiVZr,25,1540,0.001,0,0,25,0,10,"{'Hf': 0.18181818181818182, 'Nb': 0.18181818181818182, 'Si': 0.09090909090909091, 'Ti': 0.18181818181818182, 'V': 0.18181818181818182, 'Zr': 0.18181818181818182}"
HfNbSi0.5TiVZr,25,1483,0.001,0,0,1100,4,10,"{'Hf': 0.18181818181818182, 'Nb': 0.18181818181818182, 'Si': 0.09090909090909091, 'Ti': 0.18181818181818182, 'V': 0.18181818181818182, 'Zr': 0.18181818181818182}"
HfNbSi0.5TiVZr,800,371,0.001,0,0,25,0,10,"{'Hf': 0.18181818181818182, 'Nb': 0.18181818181818182, 'Si': 0.09090909090909091, 'Ti': 0.18181818181818182, 'V': 0.18181818181818182, 'Zr': 0.18181818181818182}"
HfNbSi0.5TiVZr,800,102,0.001,0,0,1100,4,10,"{'Hf': 0.18181818181818182, 'Nb': 0.18181818181818182, 'Si': 0.09090909090909091, 'Ti': 0.18181818181818182, 'V': 0.18181818181818182, 'Zr': 0.18181818181818182}"
HfNbSi0.5TiVZr,600,920,0.001,0,0,25,0,10,"{'Hf': 0.18181818181818182, 'Nb': 0.18181818181818182, 'Si': 0.09090909090909091, 'Ti': 0.18181818181818182, 'V': 0.18181818181818182, 'Zr': 0.18181818181818182}"
HfNbSi0.5TiVZr,600,597,0.001,0,0,1100,4,10,"{'Hf': 0.18181818181818182, 'Nb': 0.18181818181818182, 'Si': 0.09090909090909091, 'Ti': 0.18181818181818182, 'V': 0.18181818181818182, 'Zr': 0.18181818181818182}"
HfNbSi0.5TiVZr,400,1273,0.001,0,0,1100,4,10,"{'Hf': 0.18181818181818182, 'Nb': 0.18181818181818182, 'Si': 0.09090909090909091, 'Ti': 0.18181818181818182, 'V': 0.18181818181818182, 'Zr': 0.18181818181818182}"
HfNbTaTiZr,25,1520,0.001,1,0,500,1,10,"{'Hf': 0.2, 'Nb': 0.2, 'Ta': 0.2, 'Ti': 0.2, 'Zr': 0.2}"
HfNbTaTiZr,25,795,0.001,1,0,800,1,10,"{'Hf': 0.2, 'Nb': 0.2, 'Ta': 0.2, 'Ti': 0.2, 'Zr': 0.2}"
HfNbTaTiZr,25,1900,0.001,1,0,25,0,10,"{'Hf': 0.2, 'Nb': 0.2, 'Ta': 0.2, 'Ti': 0.2, 'Zr': 0.2}"
HfNbTaTiZr,25,830,0.001,1,0,1100,5,10,"{'Hf': 0.2, 'Nb': 0.2, 'Ta': 0.2, 'Ti': 0.2, 'Zr': 0.2}"
HfNbTaTiZr,25,1303,0.001,1,2,800,2,15,"{'Hf': 0.2, 'Nb': 0.2, 'Ta': 0.2, 'Ti': 0.2, 'Zr': 0.2}"
HfNbTaTiZr,25,1202,0.001,1,2,25,0,10,"{'Hf': 0.2, 'Nb': 0.2, 'Ta': 0.2, 'Ti': 0.2, 'Zr': 0.2}"
HfNbTaTiZr,25,1145,0.001,1,2,1000,2,15,"{'Hf': 0.2, 'Nb': 0.2, 'Ta': 0.2, 'Ti': 0.2, 'Zr': 0.2}"
HfNbTaTiZr,25,958,0.001,1,0,1200,0.167,10,"{'Hf': 0.2, 'Nb': 0.2, 'Ta': 0.2, 'Ti': 0.2, 'Zr': 0.2}"
HfNbTaTiZr,25,944,0.001,1,0,1250,0.5,10,"{'Hf': 0.2, 'Nb': 0.2, 'Ta': 0.2, 'Ti': 0.2, 'Zr': 0.2}"
HfNbTaTiZr,25,940,0.001,1,0,1300,1,10,"{'Hf': 0.2, 'Nb': 0.2, 'Ta': 0.2, 'Ti': 0.2, 'Zr': 0.2}"
HfNbTaTiZr,25,940,0.0001,1,0,1050,6,10,"{'Hf': 0.2, 'Nb': 0.2, 'Ta': 0.2, 'Ti': 0.2, 'Zr': 0.2}"
HfNbTaTiZr,25,929,0.001,1,3,25,0,10,"{'Hf': 0.2, 'Nb': 0.2, 'Ta': 0.2, 'Ti': 0.2, 'Zr': 0.2}"
HfNbTaTiZr,25,905,0.00015,1,0,25,0,10,"{'Hf': 0.2, 'Nb': 0.2, 'Ta': 0.2, 'Ti': 0.2, 'Zr': 0.2}"
HfNbTaTiZr,25,890,0.001,1,0,25,0,10,"{'Hf': 0.2, 'Nb': 0.2, 'Ta': 0.2, 'Ti': 0.2, 'Zr': 0.2}"
HfNbTaTiZr,25,828,0.005,1,0,25,0,10,"{'Hf': 0.2, 'Nb': 0.2, 'Ta': 0.2, 'Ti': 0.2, 'Zr': 0.2}"
HfNbTaTiZr,25,827,0.005,1,0,25,0,10,"{'Hf': 0.2, 'Nb': 0.2, 'Ta': 0.2, 'Ti': 0.2, 'Zr': 0.2}"
HfNbTaTiZr,25,820,0.005,1,0,25,0,10,"{'Hf': 0.2, 'Nb': 0.2, 'Ta': 0.2, 'Ti': 0.2, 'Zr': 0.2}"
HfNbTaTiZr,25,803,0.005,1,0,25,0,10,"{'Hf': 0.2, 'Nb': 0.2, 'Ta': 0.2, 'Ti': 0.2, 'Zr': 0.2}"
HfNbTaTiZr,1200,92,0.001,1,1,1200,24,10,"{'Hf': 0.2, 'Nb': 0.2, 'Ta': 0.2, 'Ti': 0.2, 'Zr': 0.2}"
HfNbTaTiZr,1000,295,0.001,1,1,1200,24,10,"{'Hf': 0.2, 'Nb': 0.2, 'Ta': 0.2, 'Ti': 0.2, 'Zr': 0.2}"
HfNbTaTiZr,800,550,0.1,1,1,1200,24,10,"{'Hf': 0.2, 'Nb': 0.2, 'Ta': 0.2, 'Ti': 0.2, 'Zr': 0.2}"
HfNbTaTiZr,800,543,0.01,1,1,1200,24,10,"{'Hf': 0.2, 'Nb': 0.2, 'Ta': 0.2, 'Ti': 0.2, 'Zr': 0.2}"
HfNbTaTiZr,800,535,0.001,1,1,1200,24,10,"{'Hf': 0.2, 'Nb': 0.2, 'Ta': 0.2, 'Ti': 0.2, 'Zr': 0.2}"
HfNbTaTiZr,800,475,0.0001,1,1,1200,24,10,"{'Hf': 0.2, 'Nb': 0.2, 'Ta': 0.2, 'Ti': 0.2, 'Zr': 0.2}"
HfNbTaTiZr,800,285,0.00001,1,1,1200,24,10,"{'Hf': 0.2, 'Nb': 0.2, 'Ta': 0.2, 'Ti': 0.2, 'Zr': 0.2}"
HfNbTaTiZr,600,675,0.001,1,1,1200,24,10,"{'Hf': 0.2, 'Nb': 0.2, 'Ta': 0.2, 'Ti': 0.2, 'Zr': 0.2}"
HfNbTaTiZr,400,790,0.001,1,1,1200,24,10,"{'Hf': 0.2, 'Nb': 0.2, 'Ta': 0.2, 'Ti': 0.2, 'Zr': 0.2}"
HfNbTaTiZr,25,929,0.001,1,1,1200,24,10,"{'Hf': 0.2, 'Nb': 0.2, 'Ta': 0.2, 'Ti': 0.2, 'Zr': 0.2}"
HfNbTaZr,25,2310,0.001,1,0,1800,24,10,"{'Hf': 0.25, 'Nb': 0.25, 'Ta': 0.25, 'Zr': 0.25}"
HfNbTaZr,25,2100,0.001,1,0,1800,192,10,"{'Hf': 0.25, 'Nb': 0.25, 'Ta': 0.25, 'Zr': 0.25}"
HfNbTaZr,25,1995,0.001,1,0,1800,96,10,"{'Hf': 0.25, 'Nb': 0.25, 'Ta': 0.25, 'Zr': 0.25}"
HfNbTaZr,25,1740,0.001,1,0,1800,6,10,"{'Hf': 0.25, 'Nb': 0.25, 'Ta': 0.25, 'Zr': 0.25}"
HfNbTaZr,25,1315,0.001,1,0,25,0,10,"{'Hf': 0.25, 'Nb': 0.25, 'Ta': 0.25, 'Zr': 0.25}"
HfNbTiZr,25,879,0.001,1,0,1300,6,10,"{'Hf': 0.25, 'Nb': 0.25, 'Ti': 0.25, 'Zr': 0.25}"
HfTa0.4TiZr,25,400,0.001,1,0,25,0,10,"{'Hf': 0.29411764705882354, 'Ta': 0.11764705882352942, 'Ti': 0.29411764705882354, 'Zr': 0.29411764705882354}"
HfTa0.5TiZr,25,700,0.001,1,0,25,0,10,"{'Hf': 0.2857142857142857, 'Ta': 0.14285714285714285, 'Ti': 0.2857142857142857, 'Zr': 0.2857142857142857}"
HfTa0.6TiZr,25,800,0.001,1,0,25,0,10,"{'Hf': 0.2777777777777778, 'Ta': 0.16666666666666666, 'Ti': 0.2777777777777778, 'Zr': 0.2777777777777778}"
HfTaTiZr,25,1500,0.001,1,0,25,0,10,"{'Hf': 0.25, 'Ta': 0.25, 'Ti': 0.25, 'Zr': 0.25}"
Mo0.1NbTiV0.3Zr,25,932,0.001,1,0,25,0,10,"{'Mo': 0.029411764705882356, 'Nb': 0.29411764705882354, 'Ti': 0.29411764705882354, 'V': 0.08823529411764706, 'Zr': 0.29411764705882354}"
Mo0.3NbTiV0.3Zr,25,1312,0.001,1,0,25,0,10,"{'Mo': 0.08333333333333334, 'Nb': 0.2777777777777778, 'Ti': 0.2777777777777778, 'V': 0.08333333333333334, 'Zr': 0.2777777777777778}"
Mo0.3NbTiVZr,25,1289,0.001,1,0,25,0,10,"{'Mo': 0.06976744186046512, 'Nb': 0.23255813953488372, 'Ti': 0.23255813953488372, 'V': 0.23255813953488372, 'Zr': 0.23255813953488372}"
Mo0.5NbTiV0.3Zr,25,1301,0.001,1,0,25,0,10,"{'Mo': 0.13157894736842105, 'Nb': 0.2631578947368421, 'Ti': 0.2631578947368421, 'V': 0.07894736842105263, 'Zr': 0.2631578947368421}"
Mo0.5NbTiVZr,25,1473,0.001,1,0,25,0,10,"{'Mo': 0.1111111111111111, 'Nb': 0.2222222222222222, 'Ti': 0.2222222222222222, 'V': 0.2222222222222222, 'Zr': 0.2222222222222222}"
Mo0.7NbTiV0.3Zr,25,1436,0.001,1,0,25,0,10,"{'Mo': 0.175, 'Nb': 0.25, 'Ti': 0.25, 'V': 0.075, 'Zr': 0.25}"
Mo0.7NbTiVZr,25,1706,0.001,1,0,25,0,10,"{'Mo': 0.14893617021276595, 'Nb': 0.2127659574468085, 'Ti': 0.2127659574468085, 'V': 0.2127659574468085, 'Zr': 0.2127659574468085}"
Mo1.3NbTiV0.3Zr,25,1603,0.001,1,0,25,0,10,"{'Mo': 0.28260869565217395, 'Nb': 0.2173913043478261, 'Ti': 0.2173913043478261, 'V': 0.06521739130434782, 'Zr': 0.2173913043478261}"
Mo1.3NbTiVZr,25,1496,0.001,1,0,25,0,10,"{'Mo': 0.24528301886792456, 'Nb': 0.18867924528301888, 'Ti': 0.18867924528301888, 'V': 0.18867924528301888, 'Zr': 0.18867924528301888}"
Mo1.5NbTiV0.3Zr,25,1576,0.001,1,0,25,0,10,"{'Mo': 0.3125, 'Nb': 0.20833333333333334, 'Ti': 0.20833333333333334, 'V': 0.0625, 'Zr': 0.20833333333333334}"
Mo1.5NbTiVZr,25,1603,0.001,1,0,25,0,10,"{'Mo': 0.2727272727272727, 'Nb': 0.18181818181818182, 'Ti': 0.18181818181818182, 'V': 0.18181818181818182, 'Zr': 0.18181818181818182}"
Mo1.7NbTiVZr,25,1645,0.001,1,0,25,0,10,"{'Mo': 0.2982456140350877, 'Nb': 0.17543859649122806, 'Ti': 0.17543859649122806, 'V': 0.17543859649122806, 'Zr': 0.17543859649122806}"
Mo2NbTiVZr,25,1765,0.001,1,0,25,0,10,"{'Mo': 0.3333333333333333, 'Nb': 0.16666666666666666, 'Ti': 0.16666666666666666, 'V': 0.16666666666666666, 'Zr': 0.16666666666666666}"
MoNbTiV0.3Zr,25,1455,0.001,1,0,25,0,10,"{'Mo': 0.23255813953488372, 'Nb': 0.23255813953488372, 'Ti': 0.23255813953488372, 'V': 0.06976744186046512, 'Zr': 0.23255813953488372}"
MoNbTiVZr,25,1779,0.001,1,0,25,0,10,"{'Mo': 0.2, 'Nb': 0.2, 'Ti': 0.2, 'V': 0.2, 'Zr': 0.2}"
NbTiV0.3Zr,25,866,0.001,1,0,25,0,10,"{'Nb': 0.30303030303030304, 'Ti': 0.30303030303030304, 'V': 0.09090909090909091, 'Zr': 0.30303030303030304}"
NbTiVZr,25,1104,0.001,1,0,25,0,10,"{'Nb': 0.25, 'Ti': 0.25, 'V': 0.25, 'Zr': 0.25}"
MoNbTaTi0.25W,25,1109,0.00056,1,0,25,0,10,"{'Mo': 0.23529411764705882, 'Nb': 0.23529411764705882, 'Ta': 0.23529411764705882, 'Ti': 0.058823529411764705, 'W': 0.23529411764705882}"
MoNbTaTi0.5W,25,1211,0.00056,1,0,25,0,10,"{'Mo': 0.2222222222222222, 'Nb': 0.2222222222222222, 'Ta': 0.2222222222222222, 'Ti': 0.1111111111111111, 'W': 0.2222222222222222}"
MoNbTaTi0.75W,25,1304,0.00056,1,0,25,0,10,"{'Mo': 0.21052631578947367, 'Nb': 0.21052631578947367, 'Ta': 0.21052631578947367, 'Ti': 0.15789473684210525, 'W': 0.21052631578947367}"
MoNbTaTiW,25,1455,0.00056,1,0,25,0,10,"{'Mo': 0.2, 'Nb': 0.2, 'Ta': 0.2, 'Ti': 0.2, 'W': 0.2}"
MoNbTaW,25,996,0.00056,1,0,25,0,10,"{'Mo': 0.25, 'Nb': 0.25, 'Ta': 0.25, 'W': 0.25}"
MoNbTaTiV,25,1400,0.0005,1,0,25,0,10,"{'Mo': 0.2, 'Nb': 0.2, 'Ta': 0.2, 'Ti': 0.2, 'V': 0.2}"
MoNbTaTiVW,25,1515,0.001,1,0,25,0,10,"{'Mo': 0.16666666666666666, 'Nb': 0.16666666666666666, 'Ta': 0.16666666666666666, 'Ti': 0.16666666666666666, 'V': 0.16666666666666666, 'W': 0.16666666666666666}"
MoNbTaTiVW,1200,659,0.001,1,0,25,0,10,"{'Mo': 0.16666666666666666, 'Nb': 0.16666666666666666, 'Ta': 0.16666666666666666, 'Ti': 0.16666666666666666, 'V': 0.16666666666666666, 'W': 0.16666666666666666}"
MoNbTaTiVW,1000,752.8,0.001,1,0,25,0,10,"{'Mo': 0.16666666666666666, 'Nb': 0.16666666666666666, 'Ta': 0.16666666666666666, 'Ti': 0.16666666666666666, 'V': 0.16666666666666666, 'W': 0.16666666666666666}"
MoNbTaTiVW,800,791.3,0.001,1,0,25,0,10,"{'Mo': 0.16666666666666666, 'Nb': 0.16666666666666666, 'Ta': 0.16666666666666666, 'Ti': 0.16666666666666666, 'V': 0.16666666666666666, 'W': 0.16666666666666666}"
MoNbTaTiVW,600,973,0.001,1,0,25,0,10,"{'Mo': 0.16666666666666666, 'Nb': 0.16666666666666666, 'Ta': 0.16666666666666666, 'Ti': 0.16666666666666666, 'V': 0.16666666666666666, 'W': 0.16666666666666666}"
MoNbTaTiW,25,1343,0.001,1,0,25,0,10,"{'Mo': 0.2, 'Nb': 0.2, 'Ta': 0.2, 'Ti': 0.2, 'W': 0.2}"
MoNbTaTiW,1200,586,0.001,1,0,25,0,10,"{'Mo': 0.2, 'Nb': 0.2, 'Ta': 0.2, 'Ti': 0.2, 'W': 0.2}"
MoNbTaTiW,1000,620,0.001,1,0,25,0,10,"{'Mo': 0.2, 'Nb': 0.2, 'Ta': 0.2, 'Ti': 0.2, 'W': 0.2}"
MoNbTaTiW,800,674,0.001,1,0,25,0,10,"{'Mo': 0.2, 'Nb': 0.2, 'Ta': 0.2, 'Ti': 0.2, 'W': 0.2}"
MoNbTaTiW,600,689,0.001,1,0,25,0,10,"{'Mo': 0.2, 'Nb': 0.2, 'Ta': 0.2, 'Ti': 0.2, 'W': 0.2}"
MoNbTaTiZr,25,1390,0.001,1,0,25,0,10,"{'Mo': 0.2, 'Nb': 0.2, 'Ta': 0.2, 'Ti': 0.2, 'Zr': 0.2}"
MoNbTaTiZr,25,1375,0.000167,1,0,25,0,10,"{'Mo': 0.2, 'Nb': 0.2, 'Ta': 0.2, 'Ti': 0.2, 'Zr': 0.2}"
MoNbTaTiZr,25,1100,0.000167,1,0,1000,168,10,"{'Mo': 0.2, 'Nb': 0.2, 'Ta': 0.2, 'Ti': 0.2, 'Zr': 0.2}"
MoNbTaV,25,1525,0.0005,1,0,25,0,10,"{'Mo': 0.25, 'Nb': 0.25, 'Ta': 0.25, 'V': 0.25}"
MoNbTaVW,25,2612,0.001,0,0,25,0,10,"{'Mo': 0.2, 'Nb': 0.2, 'Ta': 0.2, 'V': 0.2, 'W': 0.2}"
MoNbTaVW,25,1246,0.001,1,0,1400,19,10,"{'Mo': 0.2, 'Nb': 0.2, 'Ta': 0.2, 'V': 0.2, 'W': 0.2}"
MoNbTaVW,1600,477,0.001,1,0,1400,19,10,"{'Mo': 0.2, 'Nb': 0.2, 'Ta': 0.2, 'V': 0.2, 'W': 0.2}"
MoNbTaVW,1400,656,0.001,1,0,1400,19,10,"{'Mo': 0.2, 'Nb': 0.2, 'Ta': 0.2, 'V': 0.2, 'W': 0.2}"
MoNbTaVW,1200,735,0.001,1,0,1400,19,10,"{'Mo': 0.2, 'Nb': 0.2, 'Ta': 0.2, 'V': 0.2, 'W': 0.2}"
MoNbTaVW,1000,842,0.001,1,0,1400,19,10,"{'Mo': 0.2, 'Nb': 0.2, 'Ta': 0.2, 'V': 0.2, 'W': 0.2}"
MoNbTaVW,800,846,0.001,1,0,1400,19,10,"{'Mo': 0.2, 'Nb': 0.2, 'Ta': 0.2, 'V': 0.2, 'W': 0.2}"
MoNbTaVW,600,862,0.001,1,0,1400,19,10,"{'Mo': 0.2, 'Nb': 0.2, 'Ta': 0.2, 'V': 0.2, 'W': 0.2}"
MoNbTaW,25,1058,0.001,1,0,1400,19,10,"{'Mo': 0.25, 'Nb': 0.25, 'Ta': 0.25, 'W': 0.25}"
MoNbTaW,1600,405,0.001,1,0,1400,19,10,"{'Mo': 0.25, 'Nb': 0.25, 'Ta': 0.25, 'W': 0.25}"
MoNbTaW,1400,421,0.001,1,0,1400,19,10,"{'Mo': 0.25, 'Nb': 0.25, 'Ta': 0.25, 'W': 0.25}"
MoNbTaW,1200,506,0.001,1,0,1400,19,10,"{'Mo': 0.25, 'Nb': 0.25, 'Ta': 0.25, 'W': 0.25}"
MoNbTaW,1000,548,0.001,1,0,1400,19,10,"{'Mo': 0.25, 'Nb': 0.25, 'Ta': 0.25, 'W': 0.25}"
MoNbTaW,800,552,0.001,1,0,1400,19,10,"{'Mo': 0.25, 'Nb': 0.25, 'Ta': 0.25, 'W': 0.25}"
MoNbTaW,600,561,0.001,1,0,1400,19,10,"{'Mo': 0.25, 'Nb': 0.25, 'Ta': 0.25, 'W': 0.25}"
MoNbTiV0.25Zr,25,1750,0.0002,1,0,25,0,10,"{'Mo': 0.23529411764705882, 'Nb': 0.23529411764705882, 'Ti': 0.23529411764705882, 'V': 0.058823529411764705, 'Zr': 0.23529411764705882}"
MoNbTiV0.5Zr,25,1640,0.0002,1,0,25,0,10,"{'Mo': 0.2222222222222222, 'Nb': 0.2222222222222222, 'Ti': 0.2222222222222222, 'V': 0.1111111111111111, 'Zr': 0.2222222222222222}"
MoNbTiV0.75Zr,25,1680,0.0002,1,0,25,0,10,"{'Mo': 0.21052631578947367, 'Nb': 0.21052631578947367, 'Ti': 0.21052631578947367, 'V': 0.15789473684210525, 'Zr': 0.21052631578947367}"
MoNbTiV1.5Zr,25,1720,0.0002,1,0,25,0,10,"{'Mo': 0.18181818181818182, 'Nb': 0.18181818181818182, 'Ti': 0.18181818181818182, 'V': 0.2727272727272727, 'Zr': 0.18181818181818182}"
MoNbTiV2Zr,25,1520,0.0002,1,0,25,0,10,"{'Mo': 0.16666666666666666, 'Nb': 0.16666666666666666, 'Ti': 0.16666666666666666, 'V': 0.3333333333333333, 'Zr': 0.16666666666666666}"
MoNbTiV3Zr,25,1415,0.0002,1,0,25,0,10,"{'Mo': 0.14285714285714285, 'Nb': 0.14285714285714285, 'Ti': 0.14285714285714285, 'V': 0.42857142857142855, 'Zr': 0.14285714285714285}"
MoNbTiVZr,25,1770,0.0002,1,0,25,0,10,"{'Mo': 0.2, 'Nb': 0.2, 'Ti': 0.2, 'V': 0.2, 'Zr': 0.2}"
MoNbTiZr,25,1560,0.0002,1,0,25,0,10,"{'Mo': 0.25, 'Nb': 0.25, 'Ti': 0.25, 'Zr': 0.25}"
NbTaTiV,25,965,0.0005,1,0,25,0,10,"{'Nb': 0.25, 'Ta': 0.25, 'Ti': 0.25, 'V': 0.25}"
NbTaTiVW,25,1420,0.0005,1,0,25,0,10,"{'Nb': 0.2, 'Ta': 0.2, 'Ti': 0.2, 'V': 0.2, 'W': 0.2}"
NbTaVW,25,1530,0.0005,1,0,25,0,10,"{'Nb': 0.25, 'Ta': 0.25, 'V': 0.25, 'W': 0.25}"
