Alloy_Formula_six_elements,Element_Concentration_Dict,PhaseType,TestTempC,Strain Rate (s-1),Arc Melting,HIP Time (h),Anneal Temp (degC),Anneal Time (h),Anneal Cooling Rate (degC/min),Initial condition,Tox,Cr,V,Al,Ti,Nb,Ta,Hf,Mo,Zr,PhaseType_freq,Initial_condition_freq,YieldStr(MPa),Ductility (%)
Al0.24Hf0.15Mo0.16Nb0.09Ta0.11Zr0.24,"{'Al': 0.24042912489943222, 'Hf': 0.1536041152119968, 'Mo': 0.16012307345240917, 'Nb': 0.09307145725452039, 'Ta': 0.11087239639500172, 'Zr': 0.2418998326725336}",BCC+M55i3,25,0.001,1,4,1000,192,10,MA/SPS,1300,0,0,0.240429125,0,0.093071457,0.110872396,0.153604115,0.160123073,0.241899833,0.141509434,0.136792453,4679.14,2.677051
Al0.21Cr0.17Nb0.13Ta0.13V0.21Zr0.14,"{'Al': 0.21130092661450187, 'Cr': 0.1725767366480813, 'Nb': 0.13374044074740915, 'Ta': 0.13039737709935897, 'V': 0.2123791092857998, 'Zr': 0.13960540947304642}",BCC+B2,400,0.0005,1,3,1200,1,10,As-cast,900,0.172576737,0.212379109,0.211300927,0,0.133740441,0.130397377,0,0,0.139605409,0.056603774,0.287735849,1383.0916,11.860468
Al0.17Mo0.12Nb0.25Ti0.11V0.11Zr0.25,"{'Al': 0.17389987596419076, 'Mo': 0.11956779975613117, 'Nb': 0.24633776184818612, 'Ti': 0.10504531640759869, 'V': 0.1067541052922629, 'Zr': 0.24839514060647291}",BCC+M5Si3,400,0.001,1,4,800,2,15,Annealed,900,0,0.106754105,0.173899876,0.105045316,0.246337762,0,0,0.1195678,0.248395141,0.127358491,0.268867925,1681.134,81.61177
Al0.2Cr0.17Nb0.12Ti0.15V0.22Zr0.14,"{'Al': 0.20240455867194326, 'Cr': 0.1705407519563865, 'Nb': 0.1181972170661527, 'Ti': 0.14927877403055523, 'V': 0.22272829208710038, 'Zr': 0.13685040607775278}",BCC+M55i3,600,0.001,1,4,1300,192,4.2,Annealed,700,0.170540752,0.222728292,0.202404559,0.149278774,0.118197217,0,0,0,0.136850406,0.141509434,0.268867925,3684.7131,34.955803
Al0.21Cr0.23Hf0.07Mo0.17Ta0.18Zr0.13,"{'Al': 0.21265725404059307, 'Cr': 0.23469141290722847, 'Hf': 0.06507878856602539, 'Mo': 0.1736252874004172, 'Ta': 0.18389248883903211, 'Zr': 0.13005476813503608}",BCC+M55i3,600,0.001,1,4,1500,192,4.2,As-cast,900,0.234691413,0,0.212657254,0,0,0.183892489,0.065078789,0.173625287,0.130054768,0.141509434,0.287735849,3969.0566,23.540775
Al0.23Cr0.2Hf0.14Mo0.12Ti0.16Zr0.15,"{'Al': 0.23058811919259517, 'Cr': 0.19638865330232658, 'Hf': 0.13502903963062762, 'Mo': 0.1242929477938689, 'Ti': 0.15940517354801811, 'Zr': 0.15429606642253035}",BCC+M55i3,600,0.001,1,0,1300,0,10,Annealed  ,900,0.196388653,0,0.230588119,0.159405174,0,0,0.13502904,0.124292948,0.154296066,0.141509434,0.306603774,818.4845,24.788492
Al0.1Hf0.28Mo0.17Ta0.17Ti0.12V0.16,"{'Al': 0.09689755614353229, 'Hf': 0.2829890156793625, 'Mo': 0.16749650406458114, 'Ta': 0.17298878673938478, 'Ti': 0.1165668344163005, 'V': 0.16306130283429907}",B2,25,0.0003,1,3,1800,192,10,Annealed,700,0,0.163061303,0.096897556,0.116566834,0,0.172988787,0.282989016,0.167496504,0,0.08490566,0.268867925,4241.2866,14.264216
Al0.1Cr0.19Mo0.14Ta0.2Ti0.14Zr0.24,"{'Al': 0.10104898965590302, 'Cr': 0.1863500190213745, 'Mo': 0.13961903554855193, 'Ta': 0.1954676763064142, 'Ti': 0.14124586617567733, 'Zr': 0.23626841318174613}",BCC+M5Si3,400,0.001,1,0,1500,3,4.2,Annealed  ,900,0.186350019,0,0.10104899,0.141245866,0,0.195467676,0,0.139619036,0.236268413,0.127358491,0.306603774,1213.512,13.14655
Cr0.21Hf0.21Mo0.21Nb0.07Ti0.13Zr0.17,"{'Cr': 0.2102024882859609, 'Hf': 0.2086294535422007, 'Mo': 0.21138823490235176, 'Nb': 0.07179735954352459, 'Ti': 0.1266092988226965, 'Zr': 0.17137316479437337}",BCC+B2,25,0.001,0,4,1450,192,20,Annealed,1000,0.210202488,0,0,0.126609299,0.07179736,0,0.208629454,0.211388235,0.171373165,0.056603774,0.268867925,5496.3706,2.8054578
Al0.11Cr0.15Mo0.19Nb0.19Ti0.28Zr0.09,"{'Al': 0.11004510802889622, 'Cr': 0.1454526415700646, 'Mo': 0.18583494972278558, 'Nb': 0.19108978137011526, 'Ti': 0.27633427751089207, 'Zr': 0.09124324169197237}",B2,400,0.0003,1,4,1000,96,4.2,As-cast,1100,0.145452642,0,0.110045108,0.276334278,0.191089781,0,0,0.18583495,0.091243242,0.08490566,0.287735849,2596.6506,48.10162
Al0.15Cr0.21Hf0.13Mo0.18Ti0.26V0.07,"{'Al': 0.15226696683587254, 'Cr': 0.21197112471650092, 'Hf': 0.12602881674044736, 'Mo': 0.17622168189524598, 'Ti': 0.26490516868518377, 'V': 0.06860624101079925}",2 BCC+HCP,600,0.001,1,4,25,96,10,As-cast,900,0.211971125,0.068606241,0.152266967,0.264905169,0,0,0.126028817,0.176221682,0,0.037735849,0.287735849,1737.1157,78.22075
Cr0.15Hf0.26Mo0.16Nb0.11Ta0.2Zr0.12,"{'Cr': 0.14968861858231747, 'Hf': 0.2588142234798896, 'Mo': 0.159530715932762, 'Nb': 0.11469207980784442, 'Ta': 0.19940494680638904, 'Zr': 0.11786941526955609}",BCC+Laves+M5Si3,600,0.001,1,3,800,4,4.2,Annealed,900,0.149688619,0,0,0,0.11469208,0.199404947,0.258814223,0.159530716,0.117869415,0.070754717,0.268867925,1160.1359,53.20131
Cr0.16Hf0.13Nb0.26Ti0.13V0.11Zr0.21,"{'Cr': 0.15816149743417807, 'Hf': 0.13369837667025836, 'Nb': 0.2574212480327135, 'Ti': 0.1340729675196069, 'V': 0.1093992729129968, 'Zr': 0.20724663731070736}",BCC+Laves+M5Si3,400,0.0005,1,4,800,3,10,Annealed  ,700,0.158161497,0.109399273,0,0.134072968,0.257421248,0,0.133698377,0,0.207246637,0.070754717,0.306603774,1541.6869,85.04326
Al0.1Hf0.18Mo0.18Ta0.12Ti0.23Zr0.19,"{'Al': 0.09901019782360662, 'Hf': 0.1776083479069356, 'Mo': 0.1765095156766569, 'Ta': 0.12388783554291086, 'Ti': 0.23208526004752883, 'Zr': 0.19089884288386713}",BCC+M55i3,25,0.001,1,4,1000,96,10,Annealed,1100,0,0,0.099010198,0.23208526,0,0.123887836,0.177608348,0.176509516,0.190898843,0.141509434,0.268867925,3439.3894,6.106082
Al0.24Cr0.11Hf0.12Nb0.13Ti0.16Zr0.23,"{'Al': 0.24074324324953747, 'Cr': 0.11278705439270405, 'Hf': 0.12429213207184248, 'Nb': 0.12645059748542228, 'Ti': 0.16313761004926777, 'Zr': 0.2325893626357923}",BCC+M55i3,25,0.001,0,0,1800,192,10,Annealed  ,1000,0.112787054,0,0.240743243,0.16313761,0.126450597,0,0.124292132,0,0.232589363,0.141509434,0.306603774,5165.5767,1.1678503
Al0.13Cr0.12Hf0.19Mo0.21Ta0.23Zr0.12,"{'Al': 0.13316518595181287, 'Cr': 0.12337296373728848, 'Hf': 0.1863800194522902, 'Mo': 0.2092614476020531, 'Ta': 0.22812389230049002, 'Zr': 0.11969649084062264}",BCC+HCP,400,0.001,1,0,997,2,4.2,Annealed,900,0.123372964,0,0.133165186,0,0,0.228123892,0.186380019,0.209261448,0.119696491,0.023584906,0.268867925,1003.7518,7.136858
Cr0.17Hf0.09Mo0.13Nb0.18V0.23Zr0.2,"{'Cr': 0.1734222491693452, 'Hf': 0.09423026999822397, 'Mo': 0.1268449507946556, 'Nb': 0.1825804937354384, 'V': 0.22722628099911085, 'Zr': 0.1956957551851289}",BCC+laves+M5Si3,400,0.0003,1,2,1000,2,4.2,Annealed  ,700,0.173422249,0.227226281,0,0,0.182580494,0,0.09423027,0.126844951,0.195695755,0.212264151,0.306603774,1445.8213,59.835735
Hf0.21Mo0.12Nb0.21Ta0.11Ti0.18V0.17,"{'Hf': 0.20773414305525423, 'Mo': 0.11708665219383033, 'Nb': 0.21449955096938106, 'Ta': 0.11439214062793084, 'Ti': 0.17803061718605598, 'V': 0.16825689585727108}",2 BCC+Laves,25,0.0003,0,4,1450,192,4.2,Annealed,700,0,0.168256896,0,0.178030617,0.214499551,0.114392141,0.207734143,0.117086652,0,0.051886792,0.268867925,5081.121,5.4067163
Al0.07Cr0.25Nb0.11Ta0.2Ti0.14Zr0.22,"{'Al': 0.07136055879665204, 'Cr': 0.24860863213651258, 'Nb': 0.11465078217364143, 'Ta': 0.20317287440489004, 'Ti': 0.13932632557542418, 'Zr': 0.2228808268012136}",BCC+M5Si3,600,0.001,1,0,1300,0,10,Annealed  ,1000,0.248608632,0,0.071360559,0.139326326,0.114650782,0.203172874,0,0,0.222880827,0.127358491,0.306603774,779.3047,33.096977
Al0.25Cr0.12Nb0.11Ta0.24Ti0.18V0.09,"{'Al': 0.25116857845057955, 'Cr': 0.12049190562676523, 'Nb': 0.10980774731574851, 'Ta': 0.24153021775441663, 'Ti': 0.18464579783336352, 'V': 0.09235575290510563}",BCC+M55i3,600,0.001,1,2,1400,192,4.2,As-cast,1000,0.120491906,0.092355753,0.251168578,0.184645798,0.109807747,0.241530218,0,0,0,0.141509434,0.287735849,3377.7249,20.254835
Al0.16Cr0.24Mo0.19Nb0.14Ta0.07Ti0.2,"{'Al': 0.16353471738195094, 'Cr': 0.23743168587526053, 'Mo': 0.1880425176335925, 'Nb': 0.1390872835502126, 'Ta': 0.06788424868600212, 'Ti': 0.20401954675849923}",2 BCC+Laves,400,0.0005,1,3,1800,192,4.2,As-cast,1000,0.237431686,0,0.163534717,0.204019547,0.139087284,0.067884249,0,0.188042518,0,0.051886792,0.287735849,3575.6519,46.791607
Al0.08Mo0.15Ta0.14Ti0.21V0.23Zr0.19,"{'Al': 0.08081947492960155, 'Mo': 0.15442741298289395, 'Ta': 0.14145585991966597, 'Ti': 0.2088052217953109, 'V': 0.2281915166876983, 'Zr': 0.1863005135700016}",2 BCC+Laves,600,0.001,0,4,800,192,4.2,As-cast,900,0,0.228191517,0.080819475,0.208805222,0,0.14145586,0,0.154427413,0.186300514,0.051886792,0.287735849,4108.086,5.9135685
Al0.23Cr0.11Nb0.13Ti0.14V0.22Zr0.16,"{'Al': 0.23146269096742955, 'Cr': 0.11193003084769576, 'Nb': 0.13244472021439735, 'Ti': 0.14310251480987393, 'V': 0.2241647154856094, 'Zr': 0.1568953275505}",BCC+M5Si3,600,0.001,1,4,1000,4,4.2,MA/SPS,900,0.111930031,0.224164715,0.231462691,0.143102515,0.13244472,0,0,0,0.156895328,0.127358491,0.136792453,1591.5258,54.53614
Cr0.19Hf0.23Mo0.19Nb0.26Ta0.06V0.07,"{'Cr': 0.19484697644696472, 'Hf': 0.22628803712835552, 'Mo': 0.1892750364397755, 'Nb': 0.2595573876777646, 'Ta': 0.06077345701430159, 'V': 0.06925910518444835}",B2,400,0.0003,1,0,1100,6,4.2,Annealed,900,0.194846976,0.069259105,0,0,0.259557388,0.060773457,0.226288037,0.189275036,0,0.08490566,0.268867925,914.20386,8.463489
Al0.2Cr0.14Hf0.13Mo0.26Ti0.11V0.16,"{'Al': 0.20015261345551327, 'Cr': 0.13653950705940573, 'Hf': 0.12827442951978132, 'Mo': 0.2643681756089035, 'Ti': 0.10924817127444586, 'V': 0.16141710297127365}",BCC+M55i3,600,0.001,1,4,25,24,15,Annealed  ,700,0.136539507,0.161417103,0.200152613,0.109248171,0,0,0.12827443,0.264368176,0,0.141509434,0.306603774,1583.1957,69.74531
Al0.24Nb0.1Ta0.11Ti0.28V0.16Zr0.11,"{'Al': 0.23907639707281034, 'Nb': 0.09868148376166923, 'Ta': 0.1061871790442985, 'Ti': 0.2844645677244154, 'V': 0.15742253460209824, 'Zr': 0.11416783768227949}",BCC+B2,400,0.001,0,2,1800,2,20,As-cast,900,0,0.157422535,0.239076397,0.284464568,0.098681484,0.106187179,0,0,0.114167838,0.056603774,0.287735849,1634.9132,1.1371206
Al0.07Hf0.23Ta0.24Ti0.31V0.08Zr0.07,"{'Al': 0.07241696277669199, 'Hf': 0.23050684328191043, 'Ta': 0.2382901181824113, 'Ti': 0.30853386443118824, 'V': 0.07582408151602765, 'Zr': 0.07442812970370999}",B2,25,0.001,0,2,1500,192,10,Annealed  ,700,0,0.075824082,0.072416963,0.308533864,0,0.238290118,0.230506843,0,0.07442813,0.08490566,0.306603774,4763.5005,2.991167
Al0.22Cr0.17Mo0.19Nb0.17Ta0.23Zr0.02,"{'Al': 0.21545817783662274, 'Cr': 0.17446552913253982, 'Mo': 0.18605436575572248, 'Nb': 0.17230070812307366, 'Ta': 0.22987211499958582, 'Zr': 0.021849104050128798}",BCC+laves+M5Si3,25,0.001,0,2,1200,3,4.2,As-cast,1300,0.174465529,0,0.215458178,0,0.172300708,0.229872115,0,0.186054366,0.021849104,0.212264151,0.287735849,2402.3596,1.1942722
Al0.17Cr0.09Mo0.08Ta0.23V0.21Zr0.24,"{'Al': 0.1658531923859034, 'Cr': 0.08804184496266246, 'Mo': 0.07501402350402324, 'Ta': 0.22540019356072216, 'V': 0.210156325996453, 'Zr': 0.23553441947229042}",2 BCC+HCP,25,0.001,0,4,1400,192,10,As-cast,1100,0.088041845,0.210156326,0.165853192,0,0,0.225400194,0,0.075014024,0.235534419,0.037735849,0.287735849,5107.6084,4.574675
Cr0.11Hf0.15Nb0.17Ta0.21Ti0.15Zr0.2,"{'Cr': 0.10830754775196919, 'Hf': 0.146935521337811, 'Nb': 0.1717480580192417, 'Ta': 0.21445715910144408, 'Ti': 0.1537017962292425, 'Zr': 0.2048499174376311}",BCC+M55i3,600,0.0005,1,3,1200,5,4.2,Annealed,1000,0.108307548,0,0,0.153701796,0.171748058,0.214457159,0.146935521,0,0.204849917,0.141509434,0.268867925,1314.0524,43.035187
Al0.2Mo0.19Nb0.09Ti0.19V0.19Zr0.14,"{'Al': 0.19871982602400437, 'Mo': 0.19341082918400196, 'Nb': 0.08817045634899179, 'Ti': 0.18820525939948296, 'V': 0.18965361637917502, 'Zr': 0.14184001255535178}",BCC+laves+M5Si3,400,0.001,1,2,800,24,4.2,Annealed,1300,0,0.189653616,0.198719826,0.188205259,0.088170456,0,0,0.193410829,0.141840013,0.212264151,0.268867925,1759.229,48.64721
Mo0.15Nb0.21Ta0.15Ti0.18V0.15Zr0.16,"{'Mo': 0.14658380855230438, 'Nb': 0.2091340741049335, 'Ta': 0.14763896162205264, 'Ti': 0.18203591596189564, 'V': 0.15337985463082468, 'Zr': 0.1612273850089119}",BCC+laves+M5Si3,400,0.0003,1,4,1000,5,20,Annealed,700,0,0.153379855,0,0.182035916,0.209134074,0.147638962,0,0.146583809,0.161227385,0.212264151,0.268867925,1832.0399,76.95441
Cr0.19Mo0.11Nb0.14Ti0.18V0.14Zr0.25,"{'Cr': 0.18787384567732363, 'Mo': 0.10933254145453876, 'Nb': 0.139641507725463, 'Ti': 0.180706286064671, 'V': 0.1357215492354435, 'Zr': 0.2467242697236699}",2 BCC+HCP,600,0.001,1,4,1800,96,4.2,As-cast,700,0.187873846,0.135721549,0,0.180706286,0.139641508,0,0,0.109332541,0.24672427,0.037735849,0.287735849,2261.5742,76.735794
Cr0.12Mo0.18Nb0.2Ta0.22Ti0.23Zr0.06,"{'Cr': 0.11714620446087055, 'Mo': 0.17576295782436094, 'Nb': 0.20433797725014535, 'Ta': 0.21705617650428172, 'Ti': 0.22932642038597043, 'Zr': 0.05637026346843705}",BCC+Laves,400,0.0005,1,4,1200,192,4.2,As-cast,900,0.117146204,0,0,0.22932642,0.204337977,0.217056177,0,0.175762958,0.056370263,0.08490566,0.287735849,3815.1868,33.880817
Cr0.15Mo0.22Nb0.18Ti0.19V0.14Zr0.11,"{'Cr': 0.14838295522432626, 'Mo': 0.22176779846205108, 'Nb': 0.18465391149411356, 'Ti': 0.18636491897836358, 'V': 0.1441774911297821, 'Zr': 0.11465292458341313}",BCC+M55i3,600,0.0005,1,4,1500,192,10,Annealed,1000,0.148382955,0.144177491,0,0.186364919,0.184653911,0,0,0.221767798,0.114652925,0.141509434,0.268867925,3731.7632,32.472626
Al0.19Cr0.16Hf0.15Mo0.21Nb0.15Zr0.14,"{'Al': 0.1885439294290208, 'Cr': 0.16177586626387064, 'Hf': 0.1523411346364835, 'Mo': 0.208324194525147, 'Nb': 0.1518323915040662, 'Zr': 0.1371824835066498}",BCC+M5Si3,600,0.0003,1,4,1000,1,4.2,As-cast,1100,0.161775866,0,0.188543929,0,0.151832392,0,0.152341135,0.208324195,0.137182484,0.127358491,0.287735849,1592.2045,55.18971
Al0.09Mo0.18Nb0.25Ta0.17Ti0.16Zr0.16,"{'Al': 0.09044930041241336, 'Mo': 0.17686317305347787, 'Nb': 0.24665502294592287, 'Ta': 0.1665273413258633, 'Ti': 0.16169759601533995, 'Zr': 0.15780756613500793}",BCC,400,0.0005,1,4,25,2,15,Annealed  ,900,0,0,0.0904493,0.161697596,0.246655023,0.166527341,0,0.176863173,0.157807566,0.056603774,0.306603774,1237.8027,87.0434
Al0.21Cr0.18Hf0.31Mo0.08Nb0.09Zr0.14,"{'Al': 0.20717436459787836, 'Cr': 0.18229815530579777, 'Hf': 0.3097646749921593, 'Mo': 0.07713857664699768, 'Nb': 0.08505858393683534, 'Zr': 0.13856564440338584}",3 BCC,400,0.0005,1,4,1400,96,4.2,Annealed  ,700,0.182298155,0,0.207174365,0,0.085058584,0,0.309764675,0.077138577,0.138565644,0.028301887,0.306603774,2769.473,55.276703
Cr0.27Nb0.13Ta0.11Ti0.19V0.17Zr0.14,"{'Cr': 0.2681814638956549, 'Nb': 0.12500310980574872, 'Ta': 0.10900924919158733, 'Ti': 0.18752861219272954, 'V': 0.17445974726873784, 'Zr': 0.13581781753973854}",BCC+HCP,600,0.001,1,3,500,20,4.2,Annealed  ,1000,0.268181464,0.174459747,0,0.187528612,0.12500311,0.109009249,0,0,0.135817818,0.023584906,0.306603774,1147.3044,62.90341
Cr0.12Hf0.2Mo0.09Nb0.18Ta0.19Zr0.21,"{'Cr': 0.12379256291308743, 'Hf': 0.19939871585344074, 'Mo': 0.09216531169166486, 'Nb': 0.17908589085279727, 'Ta': 0.193287745913507, 'Zr': 0.21226977265553804}",2 BCC,25,0.0005,1,4,1800,96,15,MA/SPS,1300,0.123792563,0,0,0,0.179085891,0.193287746,0.199398716,0.092165312,0.212269773,0.023584906,0.136792453,3121.1562,50.69723
Cr0.09Mo0.21Nb0.22Ta0.16Ti0.19V0.13,"{'Cr': 0.09188203017970824, 'Mo': 0.2139519649136182, 'Nb': 0.21953366667725, 'Ta': 0.1573812681965315, 'Ti': 0.19216376073194455, 'V': 0.12508730918487207}",BCC+Laves,25,0.001,1,4,1450,0,4.2,Annealed  ,900,0.09188203,0.125087309,0,0.192163761,0.219533667,0.157381268,0,0.213951965,0,0.08490566,0.306603774,2121.5786,2.225254
Al0.17Cr0.22Hf0.2Mo0.05Ti0.18Zr0.17,"{'Al': 0.16984015301058078, 'Cr': 0.22374841087744826, 'Hf': 0.19793600929610922, 'Mo': 0.050054838769858556, 'Ti': 0.1847627701547298, 'Zr': 0.1736578177865417}",BCC+B2,600,0.0003,0,3,1100,4,15,As-cast,900,0.223748411,0,0.169840153,0.18476277,0,0,0.197936009,0.050054839,0.173657818,0.056603774,0.287735849,1457.9696,1.289921
Cr0.26Hf0.13Mo0.14Nb0.19Ta0.14Zr0.15,"{'Cr': 0.2649370514572021, 'Hf': 0.12746139562098877, 'Mo': 0.13672617006879864, 'Nb': 0.18576307332794248, 'Ta': 0.13640535290891692, 'Zr': 0.14870695649240862}",BCC+M55i3,600,0.001,1,2,1200,2,4.2,Annealed,900,0.264937051,0,0,0,0.185763073,0.136405353,0.127461396,0.13672617,0.148706956,0.141509434,0.268867925,1061.3676,25.05273
Hf0.14Mo0.2Nb0.2Ti0.13V0.19Zr0.13,"{'Hf': 0.14377686658025937, 'Mo': 0.2017063412297295, 'Nb': 0.20162185623345014, 'Ti': 0.12841405318292956, 'V': 0.19083840872835442, 'Zr': 0.13364247393684897}",BCC+M5Si3,600,0.001,1,4,1200,19,4.2,Annealed,700,0,0.190838409,0,0.128414053,0.201621856,0,0.143776867,0.201706341,0.133642474,0.127358491,0.268867925,1826.172,41.76212
Cr0.15Hf0.11Ta0.18Ti0.19V0.21Zr0.16,"{'Cr': 0.15294744486593714, 'Hf': 0.10713272159499607, 'Ta': 0.18496926198618216, 'Ti': 0.19017829044459222, 'V': 0.20881173609265466, 'Zr': 0.1559605449037743}",BCC+laves+M5Si3,600,0.0005,1,4,500,96,4.2,Annealed,1100,0.152947445,0.208811736,0,0.19017829,0,0.184969262,0.107132722,0,0.155960545,0.212264151,0.268867925,2300.9324,69.981964
Cr0.2Hf0.16Mo0.1Ta0.2V0.16Zr0.17,"{'Cr': 0.19866225681978783, 'Hf': 0.1605965327743418, 'Mo': 0.10436715343459047, 'Ta': 0.19980480141826437, 'V': 0.1634806175519583, 'Zr': 0.17308863789338774}",BCC+Laves+M5Si3,400,0.001,1,2,1800,192,4.2,As-cast,1100,0.198662257,0.163480618,0,0,0,0.199804801,0.160596533,0.104367153,0.173088638,0.070754717,0.287735849,3798.5344,43.42304
Cr0.13Hf0.26Nb0.03Ta0.09Ti0.27V0.23,"{'Cr': 0.12634122047406224, 'Hf': 0.2574359571698727, 'Nb': 0.03064314896816087, 'Ta': 0.08586694879591995, 'Ti': 0.26825026255001816, 'V': 0.2314624619378253}",B2,400,0.0005,1,4,1450,192,4.2,Annealed,900,0.12634122,0.231462462,0,0.268250263,0.030643149,0.085866949,0.257435957,0,0,0.08490566,0.268867925,3397.8132,51.342762
Cr0.23Hf0.1Mo0.26Ta0.08Ti0.16Zr0.17,"{'Cr': 0.2347868910075282, 'Hf': 0.09821191953547442, 'Mo': 0.2567946035539677, 'Ta': 0.08466193532009092, 'Ti': 0.15736737815898447, 'Zr': 0.16817727231305177}",BCC+B2,600,0.001,1,4,1800,96,4.2,MA/SPS,900,0.234786891,0,0,0.157367378,0,0.084661935,0.09821192,0.256794604,0.168177272,0.056603774,0.136792453,2720.7234,37.049362
Al0.22Cr0.23Hf0.16Nb0.13Ti0.08V0.18,"{'Al': 0.22137135669790703, 'Cr': 0.22613733185555135, 'Hf': 0.15628875822080462, 'Nb': 0.13288069418116366, 'Ti': 0.07849709552841437, 'V': 0.18482476341012835}",BCC+B2,25,0.0005,1,0,1500,96,20,As-cast,900,0.226137332,0.184824763,0.221371357,0.078497096,0.132880694,0,0.156288758,0,0,0.056603774,0.287735849,2593.412,0.9072888
Al0.14Hf0.17Mo0.21Nb0.17V0.18Zr0.13,"{'Al': 0.13690177889472704, 'Hf': 0.17367805177520965, 'Mo': 0.21362268127468495, 'Nb': 0.17178420644628387, 'V': 0.17574751095658048, 'Zr': 0.12826577054071356}",BCC+HCP,25,0.001,1,3,1450,192,4.2,Annealed  ,1100,0,0.175747511,0.136901779,0,0.171784206,0,0.173678052,0.213622681,0.128265771,0.023584906,0.306603774,4496.786,5.662904
Al0.23Hf0.08Mo0.25Ta0.26Ti0.09Zr0.09,"{'Al': 0.2269742092963228, 'Hf': 0.08189902971510446, 'Mo': 0.2502797220243761, 'Ta': 0.2570493434596599, 'Ti': 0.0920767168751357, 'Zr': 0.09172097851605042}",BCC+HCP,25,0.0005,1,3,1800,192,10,MA/SPS,900,0,0,0.226974209,0.092076717,0,0.257049343,0.08189903,0.250279722,0.091720979,0.023584906,0.136792453,4764.561,6.4176016
Al0.29Mo0.14Nb0.2Ta0.11V0.07Zr0.2,"{'Al': 0.28684955513930266, 'Mo': 0.14151226919009502, 'Nb': 0.1967762349986494, 'Ta': 0.10711846929680366, 'V': 0.07040525354213831, 'Zr': 0.19733821772003046}",BCC+M55i3,600,0.001,1,3,500,0,10,Annealed  ,900,0,0.070405254,0.286849555,0,0.196776235,0.107118469,0,0.141512269,0.197338218,0.141509434,0.306603774,1206.7651,82.14412
Al0.16Cr0.07Hf0.24Nb0.22Ti0.21Zr0.1,"{'Al': 0.16206090507755627, 'Cr': 0.07239527352312565, 'Hf': 0.24169350992640734, 'Nb': 0.21785796329409293, 'Ti': 0.21070090161574054, 'Zr': 0.09529144645777253}",BCC+B2,600,0.0005,1,4,500,96,10,Annealed,900,0.072395274,0,0.162060905,0.210700902,0.217857963,0,0.24169351,0,0.095291446,0.056603774,0.268867925,1962.8846,62.254772
Hf0.14Mo0.16Nb0.25Ta0.14V0.12Zr0.18,"{'Hf': 0.1439223757634676, 'Mo': 0.16255309958075004, 'Nb': 0.24950736490959644, 'Ta': 0.13969864980088814, 'V': 0.11982774418444159, 'Zr': 0.18449076563379424}",BCC,600,0.0005,0,4,1500,192,10,As-cast,900,0,0.119827744,0,0,0.249507365,0.13969865,0.143922376,0.1625531,0.184490766,0.056603774,0.287735849,4708.924,4.391691
Al0.17Cr0.09Mo0.21Ta0.12Ti0.18V0.23,"{'Al': 0.17025820139240977, 'Cr': 0.09034387448569291, 'Mo': 0.20922426827192245, 'Ta': 0.12440657324324793, 'Ti': 0.1752102121426974, 'V': 0.23055687035415234}",3 BCC,25,0.0005,0,3,1200,192,4.2,As-cast,700,0.090343874,0.23055687,0.170258201,0.175210212,0,0.124406573,0,0.209224268,0,0.028301887,0.287735849,5051.47,4.005989
Cr0.09Hf0.1Nb0.23Ta0.2Ti0.16V0.21,"{'Cr': 0.09033470451299463, 'Hf': 0.09832056584867514, 'Nb': 0.2333719668835444, 'Ta': 0.20197946146932758, 'Ti': 0.16391294324435898, 'V': 0.21208035792478797}",BCC+M5Si3,400,0.001,1,2,997,4,4.2,Annealed,1100,0.090334705,0.212080358,0,0.163912943,0.233371967,0.201979461,0.098320566,0,0,0.127358491,0.268867925,1203.2192,51.753387
Hf0.15Mo0.12Nb0.19Ta0.23Ti0.13Zr0.17,"{'Hf': 0.15161391870462598, 'Mo': 0.12221025167696462, 'Nb': 0.19064942350649952, 'Ta': 0.2286649317403803, 'Ti': 0.1342076471493465, 'Zr': 0.17265382710130636}",3 BCC,600,0.0005,1,4,1000,192,15,As-cast,700,0,0,0,0.134207647,0.190649424,0.228664932,0.151613919,0.122210252,0.172653827,0.028301887,0.287735849,2885.888,44.17684
Al0.12Cr0.22Mo0.22Ta0.18Ti0.07Zr0.19,"{'Al': 0.11777329506380337, 'Cr': 0.21943529988435587, 'Mo': 0.2177863036572291, 'Ta': 0.18223592055480275, 'Ti': 0.06926747059660682, 'Zr': 0.19350171013843603}",BCC+Laves,400,0.0005,1,3,1400,192,15,Annealed  ,1000,0.2194353,0,0.117773295,0.069267471,0,0.182235921,0,0.217786304,0.19350171,0.08490566,0.306603774,3829.5315,12.536713
Al0.13Cr0.06Hf0.2Ta0.23V0.26Zr0.13,"{'Al': 0.13020998479209614, 'Cr': 0.05566807969544039, 'Hf': 0.19761451879791897, 'Ta': 0.23202037278338705, 'V': 0.25925045913233424, 'Zr': 0.12523658469016802}",BCC+M5Si3,400,0.0005,1,3,1450,192,10,Annealed,700,0.05566808,0.259250459,0.130209985,0,0,0.232020373,0.197614519,0,0.125236585,0.127358491,0.268867925,3855.4023,26.642744
Al0.2Mo0.15Ta0.16Ti0.18V0.1Zr0.2,"{'Al': 0.19768307365649415, 'Mo': 0.15359229973559793, 'Ta': 0.16403515969016655, 'Ti': 0.18392157349634042, 'V': 0.09839118744248498, 'Zr': 0.20237670585820078}",BCC+Laves,25,0.001,0,4,1400,192,10,Annealed,1100,0,0.098391187,0.197683074,0.183921573,0,0.16403516,0,0.1535923,0.202376706,0.08490566,0.268867925,5687.796,2.549497
Cr0.12Hf0.11Nb0.2Ta0.13Ti0.23Zr0.21,"{'Cr': 0.1237613792653458, 'Hf': 0.11239645218086591, 'Nb': 0.20208754354458963, 'Ta': 0.1251058576526289, 'Ti': 0.22860983771294655, 'Zr': 0.20803892952521205}",BCC+M55i3,600,0.001,1,4,997,6,10,Annealed  ,900,0.123761379,0,0,0.228609838,0.202087544,0.125105858,0.112396452,0,0.20803893,0.141509434,0.306603774,1420.1619,71.14145
Al0.23Cr0.22Nb0.14Ti0.13V0.17Zr0.12,"{'Al': 0.22505120367674628, 'Cr': 0.216056604952905, 'Nb': 0.13725323092363753, 'Ti': 0.13183283885152952, 'V': 0.1654131071129869, 'Zr': 0.12439301437326662}",BCC+laves+M5Si3,400,0.0003,1,3,1300,192,4.2,Annealed  ,900,0.216056605,0.165413107,0.225051204,0.131832839,0.137253231,0,0,0,0.124393014,0.212264151,0.306603774,4029.4055,11.982419
Al0.2Hf0.17Nb0.14Ti0.17V0.1Zr0.22,"{'Al': 0.2049273331121111, 'Hf': 0.1669714475147707, 'Nb': 0.14204778169940674, 'Ti': 0.16901666773935228, 'V': 0.10004841739480021, 'Zr': 0.21698835242110645}",BCC+laves+M5Si3,25,0.001,0,4,1300,5,4.2,As-cast,1100,0,0.100048417,0.204927333,0.169016668,0.142047782,0,0.166971448,0,0.216988352,0.212264151,0.287735849,2695.0083,1.8745694
Hf0.14Mo0.23Nb0.21Ta0.15V0.04Zr0.24,"{'Hf': 0.1395597530153826, 'Mo': 0.22864438168099027, 'Nb': 0.20506160121317685, 'Ta': 0.14774880258597342, 'V': 0.03923140826123376, 'Zr': 0.23975405313693024}",BCC+laves+M5Si3,600,0.001,1,3,1300,1,4.2,Annealed,1300,0,0.039231408,0,0,0.205061601,0.147748803,0.139559753,0.228644382,0.239754053,0.212264151,0.268867925,1531.2035,47.71896
Al0.19Hf0.09Mo0.18Ta0.11Ti0.19Zr0.24,"{'Al': 0.18648632298632384, 'Hf': 0.08984234048636917, 'Mo': 0.18008104019381224, 'Ta': 0.11386594474739756, 'Ti': 0.18857071290562644, 'Zr': 0.24115363857060132}",B2,600,0.0003,1,4,25,3,15,Annealed,900,0,0,0.186486323,0.188570713,0,0.113865945,0.08984234,0.18008104,0.241153639,0.08490566,0.268867925,1028.6025,91.574066
Al0.29Cr0.16Hf0.11Mo0.25Nb0.1Zr0.09,"{'Al': 0.29100764989765937, 'Cr': 0.1553770845074499, 'Hf': 0.11360243397683424, 'Mo': 0.24936778374997678, 'Nb': 0.09734596223210497, 'Zr': 0.09329908552560792}",BCC+Laves+M5Si3,600,0.0005,1,3,1800,192,15,Annealed  ,700,0.155377085,0,0.29100765,0,0.097345962,0,0.113602434,0.249367784,0.093299086,0.070754717,0.306603774,3871.156,16.921364
Al0.07Cr0.2Hf0.08Mo0.15Nb0.3Zr0.2,"{'Al': 0.06980230247001554, 'Cr': 0.20315415507099951, 'Hf': 0.07999298940622418, 'Mo': 0.15294766421399741, 'Nb': 0.29875679596596266, 'Zr': 0.19534609276480727}",BCC+laves+M5Si3,400,0.001,1,4,1100,2,10,As-cast,900,0.203154155,0,0.069802302,0,0.298756796,0,0.079992989,0.152947664,0.195346093,0.212264151,0.287735849,1897.587,58.535507
Al0.14Hf0.16Mo0.24Nb0.18Ta0.12V0.16,"{'Al': 0.13944697905045822, 'Hf': 0.15999532049817938, 'Mo': 0.24279531585118522, 'Nb': 0.1771078457536475, 'Ta': 0.12358087944456961, 'V': 0.15707365928836053}",BCC+M5Si3,400,0.001,1,0,1500,2,4.2,Annealed  ,1100,0,0.157073659,0.139446979,0,0.177107846,0.123580879,0.15999532,0.242795316,0,0.127358491,0.306603774,1237.8108,15.564983
Al0.18Hf0.09Mo0.21Ta0.2Ti0.23Zr0.1,"{'Al': 0.1824156982736073, 'Hf': 0.08581307084443603, 'Mo': 0.2074753642959175, 'Ta': 0.19752768020550146, 'Ti': 0.2270855061450373, 'Zr': 0.09968268012712066}",BCC+Laves+M5Si3,25,0.001,1,4,1400,192,20,Annealed  ,700,0,0,0.182415698,0.227085506,0,0.19752768,0.085813071,0.207475364,0.09968268,0.070754717,0.306603774,4657.923,2.7801538
Al0.22Mo0.13Nb0.2Ta0.12Ti0.16Zr0.17,"{'Al': 0.2167945554175811, 'Mo': 0.13299084826669788, 'Nb': 0.19939648546021935, 'Ta': 0.12344695257816617, 'Ti': 0.15638767129533, 'Zr': 0.17098348686775897}",2 BCC+HCP,25,0.0003,0,4,1800,192,10,As-cast,1100,0,0,0.216794555,0.156387671,0.199396485,0.123446953,0,0.132990848,0.170983487,0.037735849,0.287735849,5303.21,5.0795994
Cr0.17Mo0.16Nb0.17Ta0.2V0.09Zr0.21,"{'Cr': 0.16832590343079074, 'Mo': 0.16046547080755064, 'Nb': 0.17045029499447573, 'Ta': 0.20291616360835008, 'V': 0.09263726619912595, 'Zr': 0.20520490084268736}",BCC+B2,25,0.001,1,4,1300,192,4.2,Annealed  ,700,0.168325903,0.092637266,0,0,0.170450295,0.202916164,0,0.160465471,0.205204901,0.056603774,0.306603774,4537.6104,4.0546913
Al0.19Hf0.16Mo0.13Ta0.15V0.2Zr0.17,"{'Al': 0.19273972780067605, 'Hf': 0.1636880839583728, 'Mo': 0.1281144590898185, 'Ta': 0.14746359127303416, 'V': 0.19725130668776292, 'Zr': 0.1707428310728604}",2 BCC,400,0.0005,0,4,1800,192,15,As-cast,1100,0,0.197251307,0.192739728,0,0,0.147463591,0.163688084,0.128114459,0.170742831,0.023584906,0.287735849,4714.1914,6.4959793
Cr0.13Mo0.18Ta0.13Ti0.19V0.17Zr0.21,"{'Cr': 0.125727792155064, 'Mo': 0.18368522391242365, 'Ta': 0.1263375805647365, 'Ti': 0.1857662952167253, 'V': 0.16832388738440615, 'Zr': 0.21015922064328377}",3 BCC,25,0.001,1,4,1500,192,4.2,MA/SPS,900,0.125727792,0.168323887,0,0.185766295,0,0.126337581,0,0.183685224,0.210159221,0.028301887,0.136792453,4334.2544,6.2753105
Cr0.14Hf0.12Mo0.13Nb0.2Ta0.18Ti0.24,"{'Cr': 0.14021405343357737, 'Hf': 0.11843529060674125, 'Mo': 0.13028577821965986, 'Nb': 0.19732302720539815, 'Ta': 0.17501851830270518, 'Ti': 0.2387233321160061}",BCC+laves+M5Si3,25,0.001,1,0,25,24,4.2,As-cast,700,0.140214053,0,0,0.238723332,0.197323027,0.175018518,0.118435291,0.130285778,0,0.212264151,0.287735849,1752.1846,9.619095
Cr0.17Mo0.15Nb0.17Ta0.11Ti0.2Zr0.19,"{'Cr': 0.1710957331209764, 'Mo': 0.15436872019222858, 'Nb': 0.1711559882649555, 'Ta': 0.1128646030782517, 'Ti': 0.2037999158727214, 'Zr': 0.18671503935260542}",BCC+B2,600,0.001,1,4,500,0,15,Annealed  ,900,0.171095733,0,0,0.203799916,0.171155988,0.112864603,0,0.15436872,0.186715039,0.056603774,0.306603774,1037.2196,83.71162
Al0.18Cr0.14Mo0.18Ti0.17V0.14Zr0.19,"{'Al': 0.17694064047171432, 'Cr': 0.142968739454621, 'Mo': 0.18234652720257402, 'Ti': 0.17443485448215384, 'V': 0.13549304079692573, 'Zr': 0.1878161974725304}",BCC+laves+M5Si3,400,0.0003,1,3,800,0,4.2,MA/SPS,1100,0.142968739,0.135493041,0.17694064,0.174434854,0,0,0,0.182346527,0.187816197,0.212264151,0.136792453,1621.6422,85.918785
Cr0.16Hf0.12Mo0.15Nb0.13Ti0.29V0.15,"{'Cr': 0.15865407148684746, 'Hf': 0.12125508306396128, 'Mo': 0.15192147884351928, 'Nb': 0.1296214592382912, 'Ti': 0.2877472453365944, 'V': 0.1508006619232181}",BCC+M55i3,25,0.001,1,3,1000,192,4.2,Annealed,1000,0.158654071,0.150800662,0,0.287747245,0.129621459,0,0.121255083,0.151921479,0,0.141509434,0.268867925,4203.1484,3.6786919
Al0.21Cr0.19Ta0.12Ti0.18V0.2Zr0.1,"{'Al': 0.20731902030405103, 'Cr': 0.18886435128373838, 'Ta': 0.12463635980917805, 'Ti': 0.17925507054322737, 'V': 0.19886358790710296, 'Zr': 0.10106161003781902}",BCC+laves+M5Si3,600,0.001,1,4,1200,19,4.2,Annealed  ,1100,0.188864351,0.198863588,0.20731902,0.179255071,0,0.12463636,0,0,0.10106161,0.212264151,0.306603774,1919.1151,29.097786
Al0.12Mo0.26Nb0.15Ta0.16Ti0.17V0.14,"{'Al': 0.12368028698954935, 'Mo': 0.2550610972322349, 'Nb': 0.1519182088048721, 'Ta': 0.1621241546413268, 'Ti': 0.16694489131926765, 'V': 0.1402713608938586}",BCC+M5Si3,600,0.0003,1,3,1100,3,4.2,Annealed  ,900,0,0.140271361,0.123680287,0.166944891,0.151918209,0.162124155,0,0.255061097,0,0.127358491,0.306603774,1416.7466,44.720623
Cr0.22Hf0.18Mo0.22Nb0.2Ta0.08Ti0.1,"{'Cr': 0.2170723419853962, 'Hf': 0.18120540297345827, 'Mo': 0.22197605342544321, 'Nb': 0.20054435341157617, 'Ta': 0.07987999137301752, 'Ti': 0.0993218567154336}",BCC,600,0.0005,1,4,1800,192,4.2,Annealed  ,1000,0.217072342,0,0,0.099321857,0.200544353,0.079879991,0.181205403,0.221976053,0,0.056603774,0.306603774,3660.4602,42.178177
Al0.13Nb0.21Ta0.12Ti0.15V0.19Zr0.2,"{'Al': 0.1303098676373642, 'Nb': 0.21134804935964877, 'Ta': 0.12018199048500615, 'Ti': 0.14996443225709577, 'V': 0.18970178608741592, 'Zr': 0.1984938740448801}",B2,400,0.001,0,4,500,192,20,As-cast,700,0,0.189701786,0.130309868,0.149964432,0.211348049,0.12018199,0,0,0.198493874,0.08490566,0.287735849,4334.3584,3.6657097
Cr0.19Hf0.13Nb0.21Ta0.15Ti0.15V0.18,"{'Cr': 0.19002854864385083, 'Hf': 0.12577226194173016, 'Nb': 0.20771688236094146, 'Ta': 0.15093173689668377, 'Ti': 0.1481082177155912, 'V': 0.1774423523255977}",BCC+laves+M5Si3,600,0.0005,1,4,500,3,4.2,As-cast,900,0.190028549,0.177442352,0,0.148108218,0.207716882,0.150931737,0.125772262,0,0,0.212264151,0.287735849,1392.6947,115.92311
Cr0.05Mo0.06Nb0.18Ti0.18V0.31Zr0.21,"{'Cr': 0.05184376226860598, 'Mo': 0.06265753903932024, 'Nb': 0.17703739723929302, 'Ti': 0.1814917324839804, 'V': 0.31359358706314866, 'Zr': 0.21337598179961198}",2 BCC+Laves,400,0.0005,1,4,1800,192,4.2,MA/SPS,900,0.051843762,0.313593587,0,0.181491732,0.177037397,0,0,0.062657539,0.213375982,0.051886792,0.136792453,3582.0044,66.951515
Cr0.15Hf0.1Mo0.16Nb0.22Ti0.18Zr0.19,"{'Cr': 0.15219004566933608, 'Hf': 0.09564126399730209, 'Mo': 0.15759943267967927, 'Nb': 0.22428854253795452, 'Ti': 0.17619930475727666, 'Zr': 0.19408141023860392}",BCC+Laves,25,0.001,1,3,1100,1,4.2,Annealed  ,900,0.152190046,0,0,0.176199305,0.224288543,0,0.095641264,0.157599433,0.19408141,0.08490566,0.306603774,1841.8136,2.9141104
Al0.07Mo0.35Nb0.28Ta0.09V0.11Zr0.1,"{'Al': 0.06968765912818799, 'Mo': 0.3508085913971336, 'Nb': 0.2776404730805499, 'Ta': 0.09125587317916004, 'V': 0.11208873631922078, 'Zr': 0.09851866678603954}",BCC+Laves,600,0.001,0,3,1400,192,10,Annealed  ,1000,0,0.112088736,0.069687659,0,0.277640473,0.091255873,0,0.350808591,0.098518667,0.08490566,0.306603774,4733.4463,4.005273
Al0.28Cr0.28Mo0.19Ta0.06Ti0.07Zr0.12,"{'Al': 0.2804550107284677, 'Cr': 0.27899143803012283, 'Mo': 0.19403949041535742, 'Ta': 0.0610337094343404, 'Ti': 0.06795080127748108, 'Zr': 0.11752955000700113}",BCC+M5Si3,600,0.0005,1,4,800,1,4.2,Annealed  ,700,0.278991438,0,0.280455011,0.067950801,0,0.061033709,0,0.19403949,0.11752955,0.127358491,0.306603774,1676.8464,43.116325
Cr0.2Hf0.21Mo0.17Nb0.14Ti0.15Zr0.12,"{'Cr': 0.20349892070051517, 'Hf': 0.20588215287380443, 'Mo': 0.1736623134364777, 'Nb': 0.140190537531972, 'Ti': 0.1540171922563736, 'Zr': 0.12274888308252971}",B2,400,0.001,1,3,997,96,4.2,As-cast,1000,0.203498921,0,0,0.154017192,0.140190538,0,0.205882153,0.173662313,0.122748883,0.08490566,0.287735849,2220.8237,43.96723
Cr0.07Hf0.2Nb0.21Ti0.19V0.16Zr0.16,"{'Cr': 0.07357770581248739, 'Hf': 0.2013845652751882, 'Nb': 0.2140071126554681, 'Ti': 0.1924157546099592, 'V': 0.15687449650693683, 'Zr': 0.16174036502799433}",BCC+laves+M5Si3,400,0.0005,1,4,997,6,4.2,MA/SPS,900,0.073577706,0.156874497,0,0.192415755,0.214007113,0,0.201384565,0,0.161740365,0.212264151,0.136792453,1770.7651,120.63737
Al0.18Mo0.2Nb0.12Ta0.2Ti0.19Zr0.12,"{'Al': 0.1778627684730192, 'Mo': 0.20041702679430237, 'Nb': 0.11909430002220184, 'Ta': 0.19762300303769229, 'Ti': 0.18727920695492103, 'Zr': 0.11772369459137141}",BCC+M5Si3,25,0.001,0,3,1800,192,10,MA/SPS,700,0,0,0.177862768,0.187279207,0.1190943,0.197623003,0,0.200417027,0.117723695,0.127358491,0.136792453,5786.0347,1.8849325
Al0.16Cr0.16Hf0.12Mo0.09V0.24Zr0.22,"{'Al': 0.16454227738358915, 'Cr': 0.16404518572045376, 'Hf': 0.11982692671585514, 'Mo': 0.08865966126223894, 'V': 0.2379926757648003, 'Zr': 0.22493327304822333}",BCC+Laves,400,0.001,1,2,1400,192,4.2,As-cast,900,0.164045186,0.237992676,0.164542277,0,0,0,0.119826927,0.088659661,0.224933273,0.08490566,0.287735849,3644.907,35.43653
Mo0.12Nb0.16Ta0.14Ti0.2V0.16Zr0.22,"{'Mo': 0.12300888229647339, 'Nb': 0.15850055186789186, 'Ta': 0.13512867837951625, 'Ti': 0.20429347085695324, 'V': 0.16072889327440562, 'Zr': 0.21833952320287348}",2 BCC+HCP,600,0.001,0,4,1300,192,4.2,Annealed  ,700,0,0.160728893,0,0.204293471,0.158500552,0.135128678,0,0.123008882,0.218339523,0.037735849,0.306603774,4234.353,9.432777
Cr0.18Mo0.23Nb0.03Ti0.22V0.12Zr0.22,"{'Cr': 0.18350432564975805, 'Mo': 0.23403430274075915, 'Nb': 0.02578459218755874, 'Ti': 0.2173577573530921, 'V': 0.11786702695111177, 'Zr': 0.22145199501376317}",BCC+laves+M5Si3,600,0.001,1,4,1450,5,4.2,MA/SPS,700,0.183504326,0.117867027,0,0.217357757,0.025784592,0,0,0.234034303,0.221451995,0.212264151,0.136792453,1821.3046,34.55896
Al0.11Cr0.25Hf0.14Mo0.17Ti0.1Zr0.23,"{'Al': 0.10791696146264454, 'Cr': 0.2527062985740674, 'Hf': 0.13663595404348183, 'Mo': 0.16580336446272537, 'Ti': 0.10390306743564295, 'Zr': 0.23303435391168273}",2 BCC+Laves,600,0.001,1,4,1200,96,4.2,MA/SPS,900,0.252706299,0,0.107916961,0.103903067,0,0,0.136635954,0.165803364,0.233034354,0.051886792,0.136792453,2150.7544,68.074814
Al0.16Cr0.19Nb0.19Ta0.15Ti0.17Zr0.16,"{'Al': 0.156551503900873, 'Cr': 0.18583808180497266, 'Nb': 0.19017035848483316, 'Ta': 0.1463992451536992, 'Ti': 0.16590981469807922, 'Zr': 0.15513099583231726}",BCC+Laves+M5Si3,600,0.001,1,3,1000,192,4.2,Annealed  ,1100,0.185838082,0,0.156551504,0.165909815,0.190170358,0.146399245,0,0,0.155130996,0.070754717,0.306603774,3175.187,29.61625
Cr0.25Hf0.13Mo0.26Ta0.09Ti0.17V0.09,"{'Cr': 0.25446287070098983, 'Hf': 0.13479809235737272, 'Mo': 0.2579388596237752, 'Ta': 0.09418571886305435, 'Ti': 0.16500395684329988, 'V': 0.09361050149551382}",BCC+M55i3,25,0.001,1,2,1800,96,4.2,Annealed,700,0.254462871,0.093610501,0,0.165003957,0,0.094185719,0.134798092,0.25793886,0,0.141509434,0.268867925,3397.0896,27.859825
Cr0.24Hf0.1Nb0.11Ta0.11Ti0.21Zr0.23,"{'Cr': 0.24041659912414928, 'Hf': 0.10199919538995413, 'Nb': 0.11429431921867025, 'Ta': 0.10532354070011338, 'Ti': 0.21241803265129405, 'Zr': 0.22554831279583112}",BCC+M55i3,400,0.0005,1,4,1000,2,10,Annealed  ,700,0.240416599,0,0,0.212418033,0.114294319,0.105323541,0.101999195,0,0.225548313,0.141509434,0.306603774,1656.3263,60.469643
Al0.15Hf0.09Mo0.2Nb0.19Ti0.19V0.18,"{'Al': 0.15483947715054647, 'Hf': 0.08929478955632598, 'Mo': 0.19966026520103425, 'Nb': 0.1883976551449919, 'Ti': 0.189396662837669, 'V': 0.17841114999611446}",BCC+Laves,25,0.001,1,4,1200,192,10,As-cast,900,0,0.17841115,0.154839477,0.189396663,0.188397655,0,0.08929479,0.199660265,0,0.08490566,0.287735849,4516.9937,3.794714
Al0.11Cr0.23Ta0.12Ti0.11V0.24Zr0.18,"{'Al': 0.11116253644037155, 'Cr': 0.23400614248703416, 'Ta': 0.12139155636400584, 'Ti': 0.10792197591676972, 'V': 0.2412994994953345, 'Zr': 0.18421828918262678}",BCC+laves+M5Si3,400,0.001,1,4,1300,4,4.2,Annealed  ,700,0.234006142,0.241299499,0.111162536,0.107921976,0,0.121391556,0,0,0.184218289,0.212264151,0.306603774,1918.1691,40.51021
Hf0.08Mo0.2Nb0.23Ta0.12Ti0.13Zr0.24,"{'Hf': 0.0846427946522764, 'Mo': 0.2022216049796265, 'Nb': 0.2255931263930106, 'Ta': 0.11778390461180886, 'Ti': 0.13025580514643192, 'Zr': 0.2395027641084329}",BCC+M55i3,400,0.001,1,4,1400,192,15,MA/SPS,1000,0,0,0,0.130255805,0.225593126,0.117783905,0.084642795,0.202221605,0.239502764,0.141509434,0.136792453,3933.4385,40.00504
Al0.09Cr0.3Hf0.07Mo0.29Ta0.13Ti0.13,"{'Al': 0.08966467956933535, 'Cr': 0.2984196662297545, 'Hf': 0.06529345417448905, 'Mo': 0.28543471712022206, 'Ta': 0.12881336837557414, 'Ti': 0.1323741144215144}",BCC+Laves,600,0.001,0,4,1500,192,15,Annealed  ,700,0.298419666,0,0.08966468,0.132374114,0,0.128813368,0.065293454,0.285434717,0,0.08490566,0.306603774,4951.398,4.0355477
Al0.18Nb0.21Ta0.2Ti0.19V0.08Zr0.15,"{'Al': 0.17969508184053262, 'Nb': 0.20938403446794945, 'Ta': 0.1993776317933185, 'Ti': 0.18673744197901876, 'V': 0.07643778978166438, 'Zr': 0.1483680200199257}",B2,25,0.0003,1,4,800,1,20,As-cast,700,0,0.07643779,0.179695082,0.186737442,0.209384034,0.199377632,0,0,0.14836802,0.08490566,0.287735849,1683.6158,1.8851376
Al0.2Mo0.15Nb0.13Ti0.19V0.15Zr0.18,"{'Al': 0.20442065143240573, 'Mo': 0.14941718821761074, 'Nb': 0.12774995924128876, 'Ti': 0.1856750778396825, 'V': 0.15004105149659866, 'Zr': 0.18269607164767}",BCC+Laves,25,0.001,1,2,1800,20,4.2,Annealed,900,0,0.150041051,0.204420651,0.185675078,0.127749959,0,0,0.149417188,0.182696072,0.08490566,0.268867925,2190.971,18.604918
Hf0.11Mo0.33Nb0.05Ti0.28V0.07Zr0.16,"{'Hf': 0.11333243465957148, 'Mo': 0.3333657768099525, 'Nb': 0.048650674277349974, 'Ti': 0.28257033739378773, 'V': 0.0655691224490038, 'Zr': 0.1565116543014076}",2 BCC+Laves,25,0.001,0,4,25,192,10,Annealed  ,1100,0,0.065569122,0,0.282570337,0.048650674,0,0.113332435,0.333365777,0.156511654,0.051886792,0.306603774,4620.862,4.1556206
Al0.22Hf0.25Ta0.16Ti0.11V0.17Zr0.1,"{'Al': 0.21611079658329058, 'Hf': 0.25402197989850284, 'Ta': 0.15541457461550334, 'Ti': 0.10618715018412592, 'V': 0.16620522067721952, 'Zr': 0.10206027793557747}",BCC,25,0.001,0,4,1450,192,15,As-cast,700,0,0.166205221,0.216110797,0.10618715,0,0.155414575,0.25402198,0,0.102060278,0.056603774,0.287735849,5423.476,2.9662879
Al0.23Nb0.15Ta0.15Ti0.16V0.2Zr0.1,"{'Al': 0.2325293815978269, 'Nb': 0.15397970101282246, 'Ta': 0.15250148316230813, 'Ti': 0.1645650676828307, 'V': 0.19852329978907196, 'Zr': 0.09790106663868325}",BCC+laves+M5Si3,600,0.001,1,0,997,6,10,Annealed  ,1100,0,0.1985233,0.232529382,0.164565068,0.153979701,0.152501483,0,0,0.097901067,0.212264151,0.306603774,934.3115,51.560238
Cr0.1Mo0.2Nb0.24Ta0.15Ti0.09V0.22,"{'Cr': 0.10004371508702932, 'Mo': 0.19836285160070846, 'Nb': 0.23860274827264882, 'Ta': 0.15305590229576382, 'Ti': 0.0928792244254129, 'V': 0.21705555820204028}",BCC+M55i3,600,0.0003,1,4,997,0,4.2,Annealed,1100,0.100043715,0.217055558,0,0.092879224,0.238602748,0.153055902,0,0.198362852,0,0.141509434,0.268867925,1436.8608,59.145973
Al0.19Hf0.22Mo0.16Ta0.18Ti0.1V0.14,"{'Al': 0.19006345759871995, 'Hf': 0.22343675415786104, 'Mo': 0.16442673875181923, 'Ta': 0.1811384545200764, 'Ti': 0.10114391252135148, 'V': 0.13979068234655512}",BCC+M5Si3,25,0.001,0,4,800,192,4.2,MA/SPS,900,0,0.139790682,0.190063458,0.101143913,0,0.181138455,0.223436754,0.164426739,0,0.127358491,0.136792453,5612.0757,2.1978464
Cr0.03Nb0.27Ta0.16Ti0.18V0.17Zr0.18,"{'Cr': 0.028399773536024027, 'Nb': 0.27229126420816446, 'Ta': 0.1641586093092281, 'Ti': 0.18255807106819294, 'V': 0.17241563744664734, 'Zr': 0.18017664432965802}",2 BCC,25,0.001,0,3,1450,192,4.2,Annealed,700,0.028399774,0.172415637,0,0.182558071,0.272291264,0.164158609,0,0,0.180176644,0.023584906,0.268867925,4725.9863,13.127334
Al0.14Cr0.19Hf0.19Nb0.2Ta0.18Zr0.1,"{'Al': 0.13672353344280042, 'Cr': 0.19399001423573625, 'Hf': 0.18830297708422275, 'Nb': 0.196488002908095, 'Ta': 0.18140311552614583, 'Zr': 0.103092356699595}",BCC+laves+M5Si3,600,0.001,1,0,1800,4,4.2,Annealed,1300,0.193990014,0,0.136723533,0,0.196488003,0.181403116,0.188302977,0,0.103092357,0.212264151,0.268867925,1090.3864,28.830362
Al0.22Hf0.22Mo0.17Nb0.15V0.15Zr0.09,"{'Al': 0.2228772936464352, 'Hf': 0.2161357765001071, 'Mo': 0.16901733371972635, 'Nb': 0.1480127361465778, 'V': 0.14907307545013304, 'Zr': 0.09488378441818676}",B2,600,0.0003,0,0,1000,6,20,As-cast,700,0,0.149073075,0.222877294,0,0.148012736,0,0.216135777,0.169017334,0.094883784,0.08490566,0.287735849,971.0294,14.222606
Al0.14Cr0.19Nb0.26Ti0.08V0.05Zr0.28,"{'Al': 0.14092209918447746, 'Cr': 0.18959687689080984, 'Nb': 0.2610056338296245, 'Ti': 0.07667513573655607, 'V': 0.04873139127018788, 'Zr': 0.28306886298227674}",BCC+Laves+M5Si3,600,0.0005,1,4,500,20,4.2,As-cast,900,0.189596877,0.048731391,0.140922099,0.076675136,0.261005634,0,0,0,0.283068863,0.070754717,0.287735849,1612.1177,99.10963
Al0.21Hf0.13Mo0.2Ta0.1Ti0.14Zr0.22,"{'Al': 0.21403841367305473, 'Hf': 0.13013423623116419, 'Mo': 0.19890931465910347, 'Ta': 0.09758832401817284, 'Ti': 0.1394511769802227, 'Zr': 0.21987853432656207}",BCC+Laves+M5Si3,25,0.0005,0,4,1100,192,4.2,As-cast,900,0,0,0.214038414,0.139451177,0,0.097588324,0.130134236,0.198909315,0.219878534,0.070754717,0.287735849,5715.123,2.3084328
Al0.11Cr0.15Hf0.19Mo0.18Nb0.23V0.16,"{'Al': 0.10750241048269664, 'Cr': 0.14572365344411295, 'Hf': 0.18846900693589333, 'Mo': 0.17612405014086713, 'Nb': 0.22561230351834569, 'V': 0.15656857535965943}",BCC+laves+M5Si3,25,0.0003,1,2,1800,192,10,Annealed  ,1100,0.145723653,0.156568575,0.10750241,0,0.225612304,0,0.188469007,0.17612405,0,0.212264151,0.306603774,4641.9087,4.51788
Hf0.06Nb0.28Ta0.19Ti0.17V0.06Zr0.25,"{'Hf': 0.05916477709269965, 'Nb': 0.2774410945270931, 'Ta': 0.1872172107377341, 'Ti': 0.16504876193682674, 'V': 0.06237630387751795, 'Zr': 0.24875185171587863}",BCC+laves+M5Si3,25,0.001,1,3,1100,4,4.2,Annealed,900,0,0.062376304,0,0.165048762,0.277441095,0.187217211,0.059164777,0,0.248751852,0.212264151,0.268867925,2021.5682,23.932556
Al0.12Nb0.25Ta0.16Ti0.1V0.11Zr0.26,"{'Al': 0.11540920913175994, 'Nb': 0.24523888782038172, 'Ta': 0.16366993715087283, 'Ti': 0.09633754249906643, 'V': 0.11497786320406919, 'Zr': 0.26436656007264925}",BCC+M55i3,400,0.0005,1,3,1000,6,4.2,Annealed  ,1100,0,0.114977863,0.115409209,0.096337542,0.245238888,0.163669937,0,0,0.26436656,0.141509434,0.306603774,1568.9249,55.827377
Al0.13Cr0.21Mo0.1Ta0.15Ti0.18Zr0.23,"{'Al': 0.13141812038700298, 'Cr': 0.20580168256835815, 'Mo': 0.10000891571740247, 'Ta': 0.14849895191374968, 'Ti': 0.1847478373144817, 'Zr': 0.22952449198902108}",BCC+laves+M5Si3,600,0.001,1,0,1200,6,10,As-cast,700,0.205801683,0,0.13141812,0.184747837,0,0.148498952,0,0.100008916,0.229524492,0.212264151,0.287735849,980.6077,29.66526
Al0.24Nb0.13Ta0.14Ti0.2V0.1Zr0.2,"{'Al': 0.2369557400593685, 'Nb': 0.12513767134988157, 'Ta': 0.13817398126698513, 'Ti': 0.2000889191473701, 'V': 0.10185653929156589, 'Zr': 0.19778714876334824}",BCC+M5Si3,600,0.0005,1,4,997,4,10,Annealed,700,0,0.101856539,0.23695574,0.200088919,0.125137671,0.138173981,0,0,0.197787149,0.127358491,0.268867925,1580.8505,60.938705
Al0.19Hf0.09Mo0.18Nb0.2Ti0.15Zr0.19,"{'Al': 0.18741405861718816, 'Hf': 0.08864414203825768, 'Mo': 0.18185917592190598, 'Nb': 0.19823827821594686, 'Ti': 0.1546513872675927, 'Zr': 0.18919295782752332}",BCC+Laves,25,0.0005,0,0,1800,19,4.2,Annealed  ,700,0,0,0.187414059,0.154651387,0.198238278,0,0.088644142,0.181859176,0.189192958,0.08490566,0.306603774,2137.174,3.5391405
Cr0.17Hf0.18Mo0.16Nb0.16Ta0.13Ti0.2,"{'Cr': 0.1670477052666371, 'Hf': 0.17804953528377732, 'Mo': 0.16317104580334685, 'Nb': 0.16063481086422168, 'Ta': 0.12944630703946633, 'Ti': 0.20165059562684276}",BCC+Laves,25,0.0005,0,4,997,192,10,Annealed  ,900,0.167047705,0,0,0.201650596,0.160634811,0.129446307,0.178049535,0.163171046,0,0.08490566,0.306603774,5434.784,2.5299017
Hf0.19Mo0.08Ta0.07Ti0.12V0.27Zr0.28,"{'Hf': 0.18657295001449997, 'Mo': 0.08166049518446632, 'Ta': 0.06734539375795809, 'Ti': 0.1167820646141652, 'V': 0.26909610068701756, 'Zr': 0.2785429956334835}",BCC+laves+M5Si3,600,0.0003,1,4,1800,192,15,Annealed,900,0,0.269096101,0,0.116782065,0,0.067345394,0.18657295,0.081660495,0.278542996,0.212264151,0.268867925,3922.7666,35.628967
Al0.21Cr0.1Nb0.14Ti0.25V0.15Zr0.15,"{'Al': 0.21035692469559586, 'Cr': 0.09691675118469956, 'Nb': 0.13716378651049946, 'Ti': 0.2532885561348503, 'V': 0.1500055187352175, 'Zr': 0.15226846262534963}",BCC+laves+M5Si3,400,0.0003,1,3,800,20,10,Annealed,700,0.096916751,0.150005519,0.210356925,0.253288556,0.137163787,0,0,0,0.152268463,0.212264151,0.268867925,1844.9198,73.143005
Hf0.2Mo0.17Nb0.09Ta0.2Ti0.19Zr0.16,"{'Hf': 0.19683297338499245, 'Mo': 0.17072045439067485, 'Nb': 0.08572360371194622, 'Ta': 0.19715214425349586, 'Ti': 0.19426932980526362, 'Zr': 0.15530149434002277}",BCC+M5Si3,400,0.0003,1,4,500,2,4.2,MA/SPS,900,0,0,0,0.19426933,0.085723604,0.197152144,0.196832973,0.170720454,0.155301494,0.127358491,0.136792453,1565.6912,108.1607
Al0.2Cr0.2Hf0.14Mo0.18Ti0.07Zr0.2,"{'Al': 0.19791425168617496, 'Cr': 0.20387710028784112, 'Hf': 0.13671635311567804, 'Mo': 0.18326657331989765, 'Ti': 0.07391490269104216, 'Zr': 0.20431081879504115}",BCC+Laves+M5Si3,600,0.0003,1,4,25,0,4.2,MA/SPS,700,0.2038771,0,0.197914252,0.073914903,0,0,0.136716353,0.183266573,0.204310819,0.070754717,0.136792453,1342.9846,120.615974
Al0.21Cr0.17Ta0.14Ti0.13V0.2Zr0.15,"{'Al': 0.20824723191431788, 'Cr': 0.16747718501674985, 'Ta': 0.1429736255894184, 'Ti': 0.13137804802371703, 'V': 0.1952429996083725, 'Zr': 0.15468090973226054}",BCC+M5Si3,25,0.0003,0,4,1500,192,4.2,Annealed,900,0.167477185,0.195243,0.208247232,0.131378048,0,0.142973626,0,0,0.15468091,0.127358491,0.268867925,5916.6313,2.3081374
Cr0.21Mo0.22Nb0.1Ti0.1V0.21Zr0.17,"{'Cr': 0.20608437922958076, 'Mo': 0.21662538278279542, 'Nb': 0.10019119826843631, 'Ti': 0.10437974295626598, 'V': 0.20719433076537191, 'Zr': 0.16552496588790505}",BCC+M55i3,600,0.0003,1,3,500,1,10,Annealed  ,700,0.206084379,0.207194331,0,0.104379743,0.100191198,0,0,0.216625383,0.165524966,0.141509434,0.306603774,1136.9996,82.33284
Al0.09Cr0.11Hf0.12Nb0.34V0.16Zr0.17,"{'Al': 0.09065544711066419, 'Cr': 0.11340351155116563, 'Hf': 0.1209555923726825, 'Nb': 0.3376275679964391, 'V': 0.16358735261665452, 'Zr': 0.17377052823414604}",B2,400,0.0003,1,4,500,19,4.2,As-cast,700,0.113403512,0.163587353,0.090655447,0,0.337627568,0,0.120955592,0,0.173770528,0.08490566,0.287735849,1469.9431,57.217743
Al0.15Cr0.1Hf0.21Nb0.15Ti0.24Zr0.16,"{'Al': 0.15341989773291773, 'Cr': 0.09625723555675471, 'Hf': 0.2085307170311427, 'Nb': 0.1464457984875916, 'Ti': 0.23624493861794962, 'Zr': 0.15910141245498116}",BCC+laves+M5Si3,600,0.001,1,4,1400,192,10,MA/SPS,1000,0.096257236,0,0.153419898,0.236244939,0.146445798,0,0.208530717,0,0.159101412,0.212264151,0.136792453,3785.0598,34.660614
Hf0.18Mo0.2Nb0.12Ta0.09Ti0.2Zr0.19,"{'Hf': 0.18422375971186628, 'Mo': 0.2044916235218159, 'Nb': 0.12176358512161194, 'Ta': 0.09405492944451477, 'Ti': 0.20106863164451796, 'Zr': 0.19439747044688976}",BCC+laves+M5Si3,600,0.001,1,4,500,5,10,Annealed,1300,0,0,0,0.201068632,0.121763585,0.094054929,0.18422376,0.204491624,0.19439747,0.212264151,0.268867925,1454.0095,136.37018
Al0.24Cr0.22Mo0.1Nb0.12Ta0.21V0.12,"{'Al': 0.23507745024215093, 'Cr': 0.22234724515484502, 'Mo': 0.09934065747611974, 'Nb': 0.1199430133174879, 'Ta': 0.20511540429546674, 'V': 0.11817622939798836}",BCC+M55i3,25,0.001,1,4,1800,96,4.2,Annealed  ,1100,0.222347245,0.118176229,0.23507745,0,0.119943013,0.205115404,0,0.099340657,0,0.141509434,0.306603774,3877.6152,8.97778
Al0.07Cr0.28Hf0.27Mo0.07Ta0.08Ti0.23,"{'Al': 0.07095223649776812, 'Cr': 0.27796133641752907, 'Hf': 0.27265341535908755, 'Mo': 0.06823269007848971, 'Ta': 0.08272842832998156, 'Ti': 0.22747189320687208}",BCC+M5Si3,25,0.001,1,2,1450,192,4.2,Annealed  ,700,0.277961336,0,0.070952236,0.227471893,0,0.082728428,0.272653415,0.06823269,0,0.127358491,0.306603774,4284.0244,3.1394176
Al0.16Hf0.1Nb0.2Ta0.18Ti0.15Zr0.21,"{'Al': 0.1565329233501234, 'Hf': 0.10432943015584083, 'Nb': 0.20480853758068165, 'Ta': 0.17773404663548417, 'Ti': 0.14743267484039238, 'Zr': 0.2091623873285976}",BCC+laves+M5Si3,400,0.0003,1,3,1400,5,15,Annealed,1000,0,0,0.156532923,0.147432675,0.204808538,0.177734047,0.10432943,0,0.209162387,0.212264151,0.268867925,1724.8741,46.295006
Cr0.15Mo0.13Nb0.18Ti0.12V0.22Zr0.2,"{'Cr': 0.15127405381998676, 'Mo': 0.12613942664776773, 'Nb': 0.17613290680518862, 'Ti': 0.12259861082843015, 'V': 0.21915030494581397, 'Zr': 0.2047046968427334}",BCC+Laves+M5Si3,25,0.001,1,4,1000,192,4.2,MA/SPS,1000,0.151274054,0.219150305,0,0.122598611,0.176132907,0,0,0.126139427,0.204704697,0.070754717,0.136792453,4463.627,3.7200353
Cr0.18Hf0.13Nb0.16Ta0.2Ti0.14V0.19,"{'Cr': 0.18228174886635473, 'Hf': 0.13058496049720528, 'Nb': 0.1589677858347342, 'Ta': 0.20280651880045886, 'Ti': 0.14027708724552942, 'V': 0.1850818986277938}",BCC+laves+M5Si3,400,0.0003,1,4,1300,1,4.2,Annealed,1000,0.182281749,0.185081899,0,0.140277087,0.158967786,0.202806519,0.13058496,0,0,0.212264151,0.268867925,1866.1992,51.978924
Al0.21Cr0.19Nb0.09Ta0.18Ti0.2Zr0.13,"{'Al': 0.21402447053595156, 'Cr': 0.19352024740643506, 'Nb': 0.08724426767204416, 'Ta': 0.1769627256654529, 'Ti': 0.19848477605448575, 'Zr': 0.1297635125567725}",BCC+Laves+M5Si3,400,0.001,0,2,1500,192,4.2,Annealed  ,1000,0.193520247,0,0.214024471,0.198484776,0.087244268,0.176962726,0,0,0.129763513,0.070754717,0.306603774,4872.1885,1.983899
Al0.18Hf0.13Mo0.2Nb0.18Ta0.17V0.15,"{'Al': 0.17587605330293268, 'Hf': 0.1250928413077406, 'Mo': 0.20327575086767638, 'Nb': 0.17531816131505118, 'Ta': 0.17200654193071424, 'V': 0.14843065115725493}",B2,600,0.0003,0,4,1450,2,20,As-cast,700,0,0.148430651,0.175876053,0,0.175318161,0.172006542,0.125092841,0.203275751,0,0.08490566,0.287735849,1526.6165,1.8322852
Al0.24Cr0.2Hf0.21Nb0.17Ta0.04Ti0.14,"{'Al': 0.24134206502526154, 'Cr': 0.19661404923351644, 'Hf': 0.20932527554294827, 'Nb': 0.17368082172451776, 'Ta': 0.04041910987098861, 'Ti': 0.13861867849702433}",BCC+M55i3,600,0.001,1,4,500,20,10,As-cast,700,0.196614049,0,0.241342065,0.138618678,0.173680822,0.04041911,0.209325276,0,0,0.141509434,0.287735849,1553.1833,76.993065
Cr0.29Hf0.06Mo0.2Ti0.21V0.14Zr0.1,"{'Cr': 0.2863989786743428, 'Hf': 0.06102239721237166, 'Mo': 0.2044540334387412, 'Ti': 0.20755150236490508, 'V': 0.14403705785014365, 'Zr': 0.0965360303427627}",BCC+Laves,600,0.001,1,4,1400,192,15,Annealed  ,1000,0.286398979,0.144037058,0,0.207551502,0,0,0.061022397,0.204454033,0.09653603,0.08490566,0.306603774,3495.0156,31.495272
Al0.12Cr0.11Hf0.15Nb0.13Ta0.19Zr0.29,"{'Al': 0.12424087478075917, 'Cr': 0.11434004370373589, 'Hf': 0.15252120580876222, 'Nb': 0.12635855217656533, 'Ta': 0.18788365575640462, 'Zr': 0.2946556676529944}",BCC,25,0.0003,1,4,1400,192,10,As-cast,700,0.114340044,0,0.124240875,0,0.126358552,0.187883656,0.152521206,0,0.294655668,0.056603774,0.287735849,4487.2134,3.4269907
Hf0.14Mo0.14Nb0.09Ta0.21Ti0.21Zr0.2,"{'Hf': 0.1418918182971184, 'Mo': 0.14410608972649053, 'Nb': 0.09237616811653086, 'Ta': 0.21489150360861609, 'Ti': 0.20932662029840335, 'Zr': 0.19740779984081852}",BCC+M55i3,400,0.001,1,3,500,6,20,Annealed,900,0,0,0,0.20932662,0.092376168,0.214891504,0.141891818,0.14410609,0.1974078,0.141509434,0.268867925,1260.3804,83.21293
Al0.23Cr0.1Hf0.21Mo0.12Ti0.1Zr0.23,"{'Al': 0.2285237077420883, 'Cr': 0.10404012374402628, 'Hf': 0.2104834130543918, 'Mo': 0.12139085692565628, 'Ti': 0.10485118154491721, 'Zr': 0.23071071687902148}",BCC+laves+M5Si3,400,0.0003,1,3,1500,192,4.2,MA/SPS,900,0.104040124,0,0.228523708,0.104851182,0,0,0.210483413,0.121390857,0.230710717,0.212264151,0.136792453,4230.7637,21.70125
Al0.13Hf0.12Ta0.18Ti0.17V0.15Zr0.25,"{'Al': 0.12893049934960424, 'Hf': 0.11896823256723392, 'Ta': 0.18090112386983584, 'Ti': 0.1698385221625276, 'V': 0.1533619214531474, 'Zr': 0.24799970047425968}",2 BCC+Laves,600,0.0003,1,4,1200,192,10,Annealed  ,1000,0,0.153361921,0.128930499,0.169838522,0,0.180901124,0.118968233,0,0.2479997,0.051886792,0.306603774,2965.83,51.936756
Al0.14Mo0.21Ta0.09Ti0.17V0.14Zr0.24,"{'Al': 0.13590161018163285, 'Mo': 0.2141758292127929, 'Ta': 0.09494758660503144, 'Ti': 0.17105962878275704, 'V': 0.13981828343491293, 'Zr': 0.24409706166527453}",BCC+M5Si3,600,0.0005,1,4,500,2,4.2,MA/SPS,1300,0,0.139818283,0.13590161,0.171059629,0,0.094947587,0,0.214175829,0.244097062,0.127358491,0.136792453,1467.0748,113.41623
Al0.18Cr0.13Mo0.07Nb0.07Ta0.13Ti0.41,"{'Al': 0.18301491153436775, 'Cr': 0.13294197479955347, 'Mo': 0.07221829946380096, 'Nb': 0.06833776911359779, 'Ta': 0.13450193475799263, 'Ti': 0.40898511021293565}",2 BCC+Laves,600,0.001,0,3,1800,192,4.2,Annealed  ,700,0.132941975,0,0.183014912,0.40898511,0.068337769,0.134501935,0,0.072218299,0,0.051886792,0.306603774,4321.728,9.933681
Cr0.1Hf0.21Mo0.2Nb0.15V0.15Zr0.19,"{'Cr': 0.09706178894584759, 'Hf': 0.20982786954581856, 'Mo': 0.19813771690059398, 'Nb': 0.15439796395713568, 'V': 0.15228889454072533, 'Zr': 0.18828576599506266}",BCC+M5Si3,600,0.0003,1,4,997,3,4.2,As-cast,900,0.097061789,0.152288895,0,0,0.154397964,0,0.20982787,0.198137717,0.188285766,0.127358491,0.287735849,1611.048,72.453316
Al0.21Cr0.15Hf0.16Nb0.13Ta0.1V0.26,"{'Al': 0.21041801249845749, 'Cr': 0.1488854665501037, 'Hf': 0.1559741652640577, 'Nb': 0.13354430345753227, 'Ta': 0.09592536601728517, 'V': 0.25525268610297397}",BCC+laves+M5Si3,25,0.001,0,4,1000,192,15,Annealed  ,900,0.148885467,0.255252686,0.210418012,0,0.133544303,0.095925366,0.155974165,0,0,0.212264151,0.306603774,5717.8823,1.8539155
Al0.15Mo0.21Nb0.24Ta0.08Ti0.24V0.08,"{'Al': 0.1546551851512007, 'Mo': 0.21264842783699284, 'Nb': 0.2389392169545471, 'Ta': 0.07892664120434265, 'Ti': 0.2361582211686797, 'V': 0.07867230757232997}",BCC+Laves+M5Si3,25,0.001,1,4,1800,1,10,Annealed,1100,0,0.078672308,0.154655185,0.236158221,0.238939217,0.078926641,0,0.212648428,0,0.070754717,0.268867925,2312.85,2.9319465
Al0.1Cr0.23Hf0.24Nb0.14V0.09Zr0.2,"{'Al': 0.10088962552412137, 'Cr': 0.23333353602901682, 'Hf': 0.2376564765666626, 'Nb': 0.13970477787158272, 'V': 0.08548184310243959, 'Zr': 0.20293374080205775}",BCC+laves+M5Si3,400,0.001,1,4,1300,192,4.2,As-cast,1300,0.233333536,0.085481843,0.100889626,0,0.139704778,0,0.237656477,0,0.202933741,0.212264151,0.287735849,4142.1694,35.340324
Hf0.2Mo0.08Nb0.21Ta0.19V0.09Zr0.22,"{'Hf': 0.19920987560884965, 'Mo': 0.08482798223592476, 'Nb': 0.20859039970808538, 'Ta': 0.19340564718928135, 'V': 0.08934491184267195, 'Zr': 0.22462118330289332}",BCC+laves+M5Si3,600,0.0005,1,4,800,20,10,As-cast,1100,0,0.089344912,0,0,0.2085904,0.193405647,0.199209876,0.084827982,0.224621183,0.212264151,0.287735849,1769.3324,100.65833
Al0.12Hf0.12Mo0.23Nb0.19Ti0.16V0.18,"{'Al': 0.11988397759044983, 'Hf': 0.11711797882447336, 'Mo': 0.22706462274360856, 'Nb': 0.1931041300805737, 'Ti': 0.16357270635612214, 'V': 0.17925658428656935}",BCC+M5Si3,600,0.001,1,3,25,5,4.2,Annealed  ,700,0,0.179256584,0.119883978,0.163572706,0.19310413,0,0.117117979,0.227064623,0,0.127358491,0.306603774,1093.8448,83.4455
Al0.11Hf0.14Mo0.24Nb0.17Ti0.1Zr0.25,"{'Al': 0.11236299273295385, 'Hf': 0.13778145943509415, 'Mo': 0.24062485110193774, 'Nb': 0.16731389442509545, 'Ti': 0.09563034494761062, 'Zr': 0.246286457244735}",BCC+laves+M5Si3,600,0.001,1,4,25,4,4.2,MA/SPS,900,0,0,0.112362993,0.095630345,0.167313894,0,0.137781459,0.240624851,0.246286457,0.212264151,0.136792453,1451.9156,131.91524
Al0.11Cr0.18Hf0.2Mo0.15V0.25Zr0.11,"{'Al': 0.11107853932836285, 'Cr': 0.18238246978856887, 'Hf': 0.19565622528456242, 'Mo': 0.15287521472689058, 'V': 0.25095528064681366, 'Zr': 0.10705227010643537}",B2,600,0.001,0,0,500,3,10,As-cast,700,0.18238247,0.250955281,0.111078539,0,0,0,0.195656225,0.152875215,0.10705227,0.08490566,0.287735849,1048.4792,13.596608
Al0.17Cr0.18Hf0.17Mo0.18Ta0.15Zr0.15,"{'Al': 0.16701348337559987, 'Cr': 0.17625936345309925, 'Hf': 0.1722555380217927, 'Mo': 0.17696892206540227, 'Ta': 0.15339203262827059, 'Zr': 0.15411066033878446}",BCC+laves+M5Si3,400,0.0005,1,4,1400,192,20,As-cast,1300,0.176259363,0,0.167013483,0,0,0.153392033,0.172255538,0.176968922,0.15411066,0.212264151,0.287735849,4215.8154,18.376884
Al0.2Cr0.16Nb0.16Ta0.17Ti0.12Zr0.18,"{'Al': 0.2014472131652893, 'Cr': 0.16208292101735167, 'Nb': 0.15590465044321608, 'Ta': 0.17323703058170892, 'Ti': 0.12367548680618826, 'Zr': 0.18365269786214042}",BCC+B2,25,0.0005,1,4,1300,96,4.2,Annealed  ,900,0.162082921,0,0.201447213,0.123675487,0.15590465,0.173237031,0,0,0.183652698,0.056603774,0.306603774,3543.7969,7.230998
Al0.24Hf0.08Mo0.21Nb0.13V0.17Zr0.17,"{'Al': 0.23931689632881048, 'Hf': 0.08184359097938065, 'Mo': 0.20621882892080315, 'Nb': 0.1258384052729949, 'V': 0.17223541534362308, 'Zr': 0.17454686304711542}",BCC+Laves,25,0.001,1,3,1200,192,4.2,Annealed,1100,0,0.172235415,0.239316896,0,0.125838405,0,0.081843591,0.206218829,0.174546863,0.08490566,0.268867925,4557.4204,3.275446
Al0.17Mo0.14Nb0.18Ti0.25V0.17Zr0.1,"{'Al': 0.16581437764399637, 'Mo': 0.13565868119892324, 'Nb': 0.18224499100472075, 'Ti': 0.24976402569559247, 'V': 0.16862238565592744, 'Zr': 0.09789553869370933}",BCC+Laves+M5Si3,25,0.0005,0,4,1000,192,10,Annealed  ,700,0,0.168622386,0.165814378,0.249764026,0.182244991,0,0,0.135658681,0.097895539,0.070754717,0.306603774,5527.3237,2.513415
Hf0.05Mo0.23Ta0.14Ti0.1V0.22Zr0.25,"{'Hf': 0.05057931811253659, 'Mo': 0.23388574450219085, 'Ta': 0.14096950528393465, 'Ti': 0.09697478728036756, 'V': 0.22330207360951043, 'Zr': 0.2542885711037307}",BCC+M5Si3,25,0.001,1,3,1800,2,4.2,MA/SPS,1000,0,0.223302074,0,0.096974787,0,0.140969505,0.050579318,0.233885745,0.254288571,0.127358491,0.136792453,2239.1255,10.782854
Cr0.15Mo0.23Nb0.11Ti0.14V0.17Zr0.19,"{'Cr': 0.1542570931879979, 'Mo': 0.23073395289574983, 'Nb': 0.1125839982250341, 'Ti': 0.1390428178069002, 'V': 0.16971296408626502, 'Zr': 0.19366917368341188}",BCC+Laves,400,0.001,1,4,1800,96,4.2,Annealed  ,1000,0.154257093,0.169712964,0,0.139042818,0.112583998,0,0,0.230733953,0.193669174,0.08490566,0.306603774,3142.4956,40.35914
Al0.16Hf0.17Nb0.16Ta0.18V0.17Zr0.16,"{'Al': 0.1599657584112714, 'Hf': 0.16844723234473793, 'Nb': 0.16356401326870193, 'Ta': 0.17568033053611612, 'V': 0.1707240857253526, 'Zr': 0.16161857958674591}",B2,400,0.001,1,2,1800,192,10,As-cast,1100,0,0.170724086,0.159965758,0,0.163564013,0.175680331,0.168447232,0,0.16161858,0.08490566,0.287735849,3427.6907,43.11454
Cr0.11Hf0.18Nb0.11Ta0.21Ti0.17Zr0.22,"{'Cr': 0.10947581696190777, 'Hf': 0.176239728555594, 'Nb': 0.11346888673575228, 'Ta': 0.20811532386354234, 'Ti': 0.1712199953076297, 'Zr': 0.22148024845303863}",BCC+M55i3,600,0.001,1,3,500,1,20,Annealed,1000,0.109475817,0,0,0.171219995,0.113468887,0.208115324,0.176239729,0,0.221480248,0.141509434,0.268867925,947.53284,93.003845
Al0.1Cr0.22Hf0.12Mo0.15Nb0.27Ta0.13,"{'Al': 0.09860332209807099, 'Cr': 0.22136178969294334, 'Hf': 0.12189764247952263, 'Mo': 0.15411456260874057, 'Nb': 0.2740004493888105, 'Ta': 0.13002223362464138}",BCC+laves+M5Si3,600,0.0005,1,0,1500,5,4.2,MA/SPS,900,0.22136179,0,0.098603322,0,0.274000449,0.130022234,0.121897642,0.154114563,0,0.212264151,0.136792453,1092.8417,30.9198
Al0.06Cr0.1Mo0.2Ta0.28Ti0.26Zr0.1,"{'Al': 0.06468026260652832, 'Cr': 0.10445476484092726, 'Mo': 0.19548503993951716, 'Ta': 0.2777387349987798, 'Ti': 0.26183284952705865, 'Zr': 0.09580834797855384}",B2,600,0.0003,1,4,1200,192,4.2,As-cast,1100,0.104454765,0,0.064680263,0.26183285,0,0.277738735,0,0.19548504,0.095808348,0.08490566,0.287735849,3192.7415,45.022137
Al0.18Hf0.22Mo0.16Nb0.18V0.14Zr0.13,"{'Al': 0.1773383667307096, 'Hf': 0.2153640990906297, 'Mo': 0.15652443050621767, 'Nb': 0.18011787704898327, 'V': 0.13978312369604035, 'Zr': 0.1308721028195029}",BCC,25,0.001,0,4,1300,192,4.2,Annealed  ,1100,0,0.139783124,0.177338367,0,0.180117877,0,0.215364099,0.156524431,0.130872103,0.056603774,0.306603774,5504.4644,3.9680638
Al0.24Cr0.21Mo0.07Ta0.11Ti0.15Zr0.22,"{'Al': 0.24484018991210751, 'Cr': 0.21193297122914495, 'Mo': 0.0733892438897231, 'Ta': 0.10628882275929093, 'Ti': 0.1479811591261186, 'Zr': 0.2155676129782964}",2 BCC+Laves,25,0.0003,0,4,1450,192,4.2,As-cast,1100,0.211932971,0,0.24484019,0.147981159,0,0.106288823,0,0.073389244,0.215567613,0.051886792,0.287735849,5282.6533,4.4112587
Al0.11Cr0.25Hf0.23Mo0.22Nb0.12Zr0.07,"{'Al': 0.10557988132887018, 'Cr': 0.25471583182929425, 'Hf': 0.23087600066051361, 'Mo': 0.2210567616538087, 'Nb': 0.11767690392384841, 'Zr': 0.07009462049253472}",BCC+M55i3,400,0.0005,1,3,1450,192,4.2,Annealed,1300,0.254715832,0,0.105579881,0,0.117676904,0,0.230876001,0.221056762,0.07009462,0.141509434,0.268867925,3970.805,25.234241
Al0.17Mo0.11Nb0.22Ta0.14Ti0.2V0.17,"{'Al': 0.1685661843383777, 'Mo': 0.10708854648553605, 'Nb': 0.2185876148761205, 'Ta': 0.13588028426120458, 'Ti': 0.19530480737861824, 'V': 0.17457256254988363}",BCC+laves+M5Si3,600,0.0003,1,2,25,24,4.2,Annealed,900,0,0.174572563,0.168566184,0.195304807,0.218587615,0.135880284,0,0.107088546,0,0.212264151,0.268867925,1224.569,77.54891
Cr0.17Hf0.19Nb0.17Ta0.1Ti0.18V0.19,"{'Cr': 0.1687030356671118, 'Hf': 0.18985304283734009, 'Nb': 0.17049380951445733, 'Ta': 0.10186075769789162, 'Ti': 0.18340770150584518, 'V': 0.1856816526593184}",BCC+laves+M5Si3,400,0.001,1,3,1100,20,4.2,MA/SPS,1300,0.168703036,0.185681653,0,0.183407702,0.17049381,0.101860758,0.189853043,0,0,0.212264151,0.136792453,1786.8313,50.326073
Al0.12Hf0.18Mo0.26Ta0.18Ti0.12Zr0.14,"{'Al': 0.1175105406708199, 'Hf': 0.1834116546149984, 'Mo': 0.25732308735111514, 'Ta': 0.18271743452059525, 'Ti': 0.12282430999813931, 'Zr': 0.1362129727272196}",2 BCC,25,0.0005,0,4,1500,192,15,MA/SPS,1300,0,0,0.117510541,0.12282431,0,0.182717435,0.183411655,0.257323087,0.136212973,0.023584906,0.136792453,5088.3857,4.9292307
Cr0.18Mo0.18Nb0.22Ta0.18Ti0.2Zr0.04,"{'Cr': 0.17553409348414742, 'Mo': 0.1836278198452978, 'Nb': 0.22296486675231014, 'Ta': 0.18376178863663517, 'Ti': 0.19631626422714973, 'Zr': 0.037795166952370327}",BCC+M55i3,600,0.0005,1,4,997,3,4.2,Annealed,1000,0.175534093,0,0,0.196316264,0.222964867,0.183761789,0,0.18362782,0.037795167,0.141509434,0.268867925,1449.8278,52.95139
Al0.19Cr0.21Hf0.16Mo0.19Nb0.11Zr0.14,"{'Al': 0.19172738306070738, 'Cr': 0.20511139151813232, 'Hf': 0.1558824060411896, 'Mo': 0.19090680598379303, 'Nb': 0.11296432149613592, 'Zr': 0.14340769178623466}",BCC+B2,400,0.001,1,3,1500,192,15,Annealed,1000,0.205111392,0,0.191727383,0,0.112964321,0,0.155882406,0.190906806,0.143407692,0.056603774,0.268867925,3743.4348,22.832207
Al0.16Cr0.1Hf0.22Mo0.19Ta0.21V0.11,"{'Al': 0.15794296597303084, 'Cr': 0.10478824281647825, 'Hf': 0.21723412789861496, 'Mo': 0.19307537367233424, 'Ta': 0.21453035263980455, 'V': 0.11242893688827994}",BCC+Laves,600,0.001,1,0,1400,24,4.2,Annealed  ,700,0.104788243,0.112428937,0.157942966,0,0,0.214530353,0.217234128,0.193075374,0,0.08490566,0.306603774,1197.7416,14.908738
Al0.18Cr0.12Ta0.16Ti0.1V0.16Zr0.28,"{'Al': 0.17740308254427326, 'Cr': 0.11997689780195103, 'Ta': 0.15679945879636265, 'Ti': 0.09917710536379282, 'V': 0.16271395013937176, 'Zr': 0.283929505241995}",BCC+laves+M5Si3,400,0.0005,1,3,1200,4,4.2,Annealed,900,0.119976898,0.16271395,0.177403083,0.099177105,0,0.156799459,0,0,0.283929505,0.212264151,0.268867925,1759.3098,50.851826
Al0.23Mo0.2Nb0.17Ta0.12V0.14Zr0.14,"{'Al': 0.2312926911245883, 'Mo': 0.2043322936032221, 'Nb': 0.1658666031914225, 'Ta': 0.12345336617436974, 'V': 0.13656943671135752, 'Zr': 0.13848560907607269}",BCC+Laves,400,0.001,1,0,997,19,4.2,Annealed  ,1100,0,0.136569437,0.231292691,0,0.165866603,0.123453366,0,0.204332294,0.138485609,0.08490566,0.306603774,1323.4233,5.598029
Al0.16Cr0.24Nb0.18Ta0.08V0.12Zr0.23,"{'Al': 0.1580406099676953, 'Cr': 0.23599735402018185, 'Nb': 0.17639885164060692, 'Ta': 0.08309429746076392, 'V': 0.11630087815603181, 'Zr': 0.23016800865188636}",BCC+M5Si3,600,0.001,1,2,25,4,4.2,MA/SPS,1000,0.235997354,0.116300878,0.15804061,0,0.176398852,0.083094297,0,0,0.230168009,0.127358491,0.136792453,1075.1356,37.15881
Al0.14Cr0.16Ta0.19Ti0.12V0.22Zr0.18,"{'Al': 0.1358100608683853, 'Cr': 0.15712177956208123, 'Ta': 0.18546467615532705, 'Ti': 0.11674557511327398, 'V': 0.22006492219404752, 'Zr': 0.1847929859955018}",BCC+laves+M5Si3,400,0.001,1,2,1500,192,4.2,MA/SPS,700,0.15712178,0.220064922,0.135810061,0.116745575,0,0.185464676,0,0,0.184792986,0.212264151,0.136792453,3914.6606,25.743261
Cr0.08Hf0.15Nb0.12Ta0.23Ti0.23Zr0.19,"{'Cr': 0.08406417348084962, 'Hf': 0.15219662193616001, 'Nb': 0.11546938862140109, 'Ta': 0.23046503810746294, 'Ti': 0.22989194370199106, 'Zr': 0.1879128340320685}",BCC,600,0.0005,0,2,1200,192,15,As-cast,700,0.084064173,0,0,0.229891944,0.115469389,0.230465038,0.152196622,0,0.187912834,0.056603774,0.287735849,4120.4805,3.2981017
Al0.14Hf0.19Mo0.09Ti0.2V0.23Zr0.15,"{'Al': 0.14077497329386462, 'Hf': 0.18769288547877702, 'Mo': 0.08971500731884717, 'Ti': 0.201075804923719, 'V': 0.2265395641615538, 'Zr': 0.15420176471566155}",2 BCC,400,0.0003,1,4,1000,96,4.2,Annealed,700,0,0.226539564,0.140774973,0.201075805,0,0,0.187692885,0.089715007,0.154201765,0.023584906,0.268867925,2308.8403,83.30894
Cr0.17Mo0.17Nb0.19Ta0.15Ti0.17Zr0.16,"{'Cr': 0.16916201400309358, 'Mo': 0.1676245745237903, 'Nb': 0.1886967864918467, 'Ta': 0.15306470093035987, 'Ti': 0.16596968947095259, 'Zr': 0.15548223445069845}",3 BCC,400,0.0005,0,0,1800,192,4.2,As-cast,700,0.169162014,0,0,0.165969689,0.188696786,0.153064701,0,0.167624575,0.155482234,0.028301887,0.287735849,4213.2944,5.9820538
Al0.1Hf0.11Nb0.2Ti0.17V0.27Zr0.15,"{'Al': 0.10093570255003916, 'Hf': 0.10770976813632266, 'Nb': 0.2021637386845132, 'Ti': 0.17027720255629378, 'V': 0.26539557912252204, 'Zr': 0.15351800883728453}",BCC+laves+M5Si3,600,0.0003,1,3,997,5,4.2,As-cast,1000,0,0.265395579,0.100935703,0.170277203,0.202163739,0,0.107709768,0,0.153518009,0.212264151,0.287735849,1356.5476,107.8518
Al0.18Cr0.15Hf0.2Mo0.16Ta0.16Zr0.16,"{'Al': 0.17618088125414305, 'Cr': 0.14671414111745198, 'Hf': 0.20104622120511648, 'Mo': 0.1594916075472846, 'Ta': 0.15631546873604735, 'Zr': 0.16025168001461496}",BCC+HCP,600,0.001,1,2,500,5,4.2,Annealed,900,0.146714141,0,0.176180881,0,0,0.156315469,0.201046221,0.159491608,0.16025168,0.023584906,0.268867925,883.2117,48.60934
Al0.15Cr0.08Hf0.24Mo0.35Ti0.12Zr0.06,"{'Al': 0.1495437323579336, 'Cr': 0.07538350874832883, 'Hf': 0.2367431918683744, 'Mo': 0.3541660263882656, 'Ti': 0.12110132183512287, 'Zr': 0.06306221869332902}",BCC,25,0.0003,1,0,997,0,15,Annealed,1000,0.075383509,0,0.149543732,0.121101322,0,0,0.236743192,0.354166026,0.063062219,0.056603774,0.268867925,1435.2319,1.3940834
Al0.13Cr0.15Mo0.15Ta0.2V0.17Zr0.2,"{'Al': 0.1298122336507274, 'Cr': 0.15344229515275368, 'Mo': 0.1504856125596848, 'Ta': 0.195378856753306, 'V': 0.17362957356241943, 'Zr': 0.1972514282113767}",BCC+M5Si3,600,0.001,1,4,1800,192,15,MA/SPS,700,0.153442295,0.173629574,0.129812234,0,0,0.195378857,0,0.150485613,0.197251428,0.127358491,0.136792453,3989.5159,23.045565
Al0.16Cr0.17Hf0.17Nb0.15Ta0.2Ti0.15,"{'Al': 0.16354034140844767, 'Cr': 0.17364118147081095, 'Hf': 0.1650879315759764, 'Nb': 0.1468409573928344, 'Ta': 0.19817557163420962, 'Ti': 0.15271401639198362}",2 BCC+HCP,400,0.001,0,2,1500,192,10,Annealed  ,1100,0.173641181,0,0.163540341,0.152714016,0.146840957,0.198175572,0.165087932,0,0,0.037735849,0.306603774,4227.9873,8.92253
Al0.17Cr0.19Hf0.12Nb0.16Ti0.14Zr0.22,"{'Al': 0.16937721965397692, 'Cr': 0.19440330290235033, 'Hf': 0.11848611545442604, 'Nb': 0.15795776860466096, 'Ti': 0.14110945591949522, 'Zr': 0.21866613734164592}",BCC,600,0.0005,1,3,1400,192,10,As-cast,700,0.194403303,0,0.16937722,0.141109456,0.157957769,0,0.118486115,0,0.218666137,0.056603774,0.287735849,3232.7341,28.150702
Al0.08Cr0.19Mo0.23Ta0.06Ti0.31V0.13,"{'Al': 0.08495281633372705, 'Cr': 0.18570163784657798, 'Mo': 0.2349217586989712, 'Ta': 0.05924388565190849, 'Ti': 0.30812060946842185, 'V': 0.12705929189416654}",B2,400,0.0003,0,4,1800,192,4.2,Annealed  ,1100,0.185701638,0.127059292,0.084952816,0.308120609,0,0.059243886,0,0.234921759,0,0.08490566,0.306603774,5009.6294,5.7500143
Al0.19Cr0.09Mo0.24Nb0.25Ta0.13Zr0.1,"{'Al': 0.18679319370078212, 'Cr': 0.09297194855814386, 'Mo': 0.23942055044057942, 'Nb': 0.24717240002167318, 'Ta': 0.130341898367242, 'Zr': 0.10330000879314631}",BCC+laves+M5Si3,400,0.0005,1,4,800,192,10,Annealed,900,0.092971949,0,0.186793194,0,0.2471724,0.130341898,0,0.23942055,0.103300009,0.212264151,0.268867925,4027.1697,10.807312
Al0.12Hf0.19Nb0.16Ti0.18V0.08Zr0.28,"{'Al': 0.11705295417005024, 'Hf': 0.18861209768700757, 'Nb': 0.15603427082569396, 'Ti': 0.17633268174124136, 'V': 0.0795443724699539, 'Zr': 0.28242362298811374}",BCC+laves+M5Si3,600,0.0003,1,3,500,19,4.2,Annealed  ,1100,0,0.079544372,0.117052954,0.176332682,0.156034271,0,0.188612098,0,0.282423623,0.212264151,0.306603774,1491.5414,104.656525
Al0.22Mo0.28Nb0.11Ta0.14Ti0.17Zr0.07,"{'Al': 0.22021277001966552, 'Mo': 0.2846513843291354, 'Nb': 0.11192829911176326, 'Ta': 0.14471376098849528, 'Ti': 0.17090044612249145, 'Zr': 0.0675933393148138}",BCC+laves+M5Si3,600,0.001,1,0,500,3,4.2,As-cast,900,0,0,0.22021277,0.170900446,0.111928299,0.144713761,0,0.284651384,0.067593339,0.212264151,0.287735849,952.677,51.382732
Al0.18Hf0.1Mo0.2Ta0.2Ti0.2V0.12,"{'Al': 0.18163019994169863, 'Hf': 0.10098213983889398, 'Mo': 0.20140819572028132, 'Ta': 0.1989259245882767, 'Ti': 0.19631415845593372, 'V': 0.12073938134707317}",BCC+Laves+M5Si3,600,0.001,1,4,25,5,15,Annealed  ,1100,0,0.120739381,0.1816302,0.196314158,0,0.198925925,0.10098214,0.201408196,0,0.070754717,0.306603774,1197.6316,101.71278
Cr0.18Hf0.19Mo0.19Nb0.17Ta0.12Zr0.15,"{'Cr': 0.18368181529832275, 'Hf': 0.19154952889507162, 'Mo': 0.1887358365182277, 'Nb': 0.169965126972892, 'Ta': 0.11577425538777754, 'Zr': 0.15029343681070506}",B2,25,0.001,1,4,1200,1,10,As-cast,700,0.183681815,0,0,0,0.169965127,0.115774255,0.191549529,0.188735837,0.150293437,0.08490566,0.287735849,1815.807,2.0707798
Cr0.14Hf0.18Mo0.22Nb0.21V0.11Zr0.14,"{'Cr': 0.14203626810574121, 'Hf': 0.17901593984396275, 'Mo': 0.21908216728096175, 'Nb': 0.20722685989462256, 'V': 0.10999618883584639, 'Zr': 0.14264257592949284}",BCC+M5Si3,25,0.001,1,2,1800,192,10,Annealed  ,1000,0.142036268,0.109996189,0,0,0.20722686,0,0.17901594,0.219082167,0.142642576,0.127358491,0.306603774,4514.081,5.5564356
Al0.19Hf0.2Mo0.16Nb0.12Ta0.14Zr0.19,"{'Al': 0.1938692337830678, 'Hf': 0.20011657503331512, 'Mo': 0.16101586428295533, 'Nb': 0.11872837482338694, 'Ta': 0.14039476895788497, 'Zr': 0.18587518299137776}",BCC,400,0.001,1,4,25,24,20,Annealed,1000,0,0,0.193869234,0,0.118728375,0.140394769,0.200116575,0.161015864,0.185875183,0.056603774,0.268867925,1537.6116,62.975967
Al0.12Hf0.17Mo0.2Ta0.17Ti0.14Zr0.21,"{'Al': 0.11605136622085686, 'Hf': 0.1725826355131478, 'Mo': 0.19623330879980966, 'Ta': 0.16532426797700195, 'Ti': 0.14112513154591852, 'Zr': 0.2086832898290727}",BCC+laves+M5Si3,600,0.001,1,0,1500,1,4.2,As-cast,1100,0,0,0.116051366,0.141125132,0,0.165324268,0.172582636,0.196233309,0.20868329,0.212264151,0.287735849,1022.20874,42.44402
Al0.16Mo0.14Nb0.13Ta0.16Ti0.24Zr0.17,"{'Al': 0.16164993354295124, 'Mo': 0.13613565396336247, 'Nb': 0.13404335511653018, 'Ta': 0.15943426342980116, 'Ti': 0.23565303441725705, 'Zr': 0.17308375941941823}",BCC+M5Si3,25,0.001,0,4,1450,192,15,Annealed,1000,0,0,0.161649934,0.235653034,0.134043355,0.159434263,0,0.136135654,0.173083759,0.127358491,0.268867925,5793.019,2.0360775
Al0.24Cr0.16Hf0.13Ti0.11V0.13Zr0.23,"{'Al': 0.2358850491890476, 'Cr': 0.161576922796364, 'Hf': 0.1295499522960078, 'Ti': 0.11496256162373371, 'V': 0.12786578267879786, 'Zr': 0.2301597313096542}",BCC,25,0.0003,0,0,25,192,20,As-cast,700,0.161576923,0.127865783,0.235885049,0.114962562,0,0,0.129549952,0,0.230159731,0.056603774,0.287735849,4202.5815,1.2125545
Cr0.17Mo0.07Nb0.16Ta0.17Ti0.21Zr0.22,"{'Cr': 0.16784003576604223, 'Mo': 0.07195886094633801, 'Nb': 0.15669634790994327, 'Ta': 0.1726278351581141, 'Ti': 0.2062675916959329, 'Zr': 0.22460932841452563}",BCC+M55i3,400,0.0005,1,4,1100,0,20,Annealed  ,1000,0.167840036,0,0,0.206267592,0.156696348,0.172627835,0,0.071958861,0.224609328,0.141509434,0.306603774,1591.0547,50.68483
Al0.1Mo0.18Ta0.06Ti0.3V0.16Zr0.19,"{'Al': 0.10017803135013023, 'Mo': 0.17709106681140524, 'Ta': 0.0604436474135788, 'Ti': 0.3035778775850308, 'V': 0.16432792718543615, 'Zr': 0.19438144954214084}",BCC+laves+M5Si3,600,0.001,1,4,1500,5,4.2,Annealed  ,1100,0,0.164327927,0.100178031,0.303577878,0,0.060443647,0,0.177091067,0.19438145,0.212264151,0.306603774,1790.4094,41.378956
Al0.07Hf0.14Nb0.21Ta0.22V0.2Zr0.17,"{'Al': 0.06964691006609895, 'Hf': 0.1374235754920714, 'Nb': 0.21064729767554288, 'Ta': 0.2188199719877974, 'V': 0.1969561573870481, 'Zr': 0.16650608728487776}",BCC+laves+M5Si3,600,0.001,1,4,1200,1,4.2,As-cast,700,0,0.196956157,0.06964691,0,0.210647298,0.218819972,0.137423575,0,0.166506087,0.212264151,0.287735849,1581.5465,80.74291
Al0.14Cr0.16Mo0.19Nb0.18Ta0.14V0.2,"{'Al': 0.13572549662530028, 'Cr': 0.1624985072598364, 'Mo': 0.18817253089920785, 'Nb': 0.18089880230673053, 'Ta': 0.13618724635777643, 'V': 0.19651741643203344}",2 BCC+Laves,400,0.001,1,4,1300,96,10,Annealed  ,900,0.162498507,0.196517416,0.135725497,0,0.180898802,0.136187246,0,0.188172531,0,0.051886792,0.306603774,2512.3303,57.29833
Al0.13Cr0.14Hf0.17Mo0.21Nb0.21V0.13,"{'Al': 0.13223373582791959, 'Cr': 0.13974183809237845, 'Hf': 0.17469707230548137, 'Mo': 0.21286863718827514, 'Nb': 0.20935482986494217, 'V': 0.1311038866071331}",3 BCC,400,0.001,1,4,1200,96,4.2,Annealed,1300,0.139741838,0.131103887,0.132233736,0,0.20935483,0,0.174697072,0.212868637,0,0.028301887,0.268867925,2664.5754,55.465046
Al0.17Cr0.08Mo0.15Nb0.21Ti0.06Zr0.33,"{'Al': 0.17120148049379222, 'Cr': 0.08431082976780212, 'Mo': 0.1467851047100301, 'Nb': 0.2084169121561251, 'Ti': 0.06168486275807761, 'Zr': 0.32760081000264174}",B2,25,0.0003,0,3,500,20,4.2,As-cast,700,0.08431083,0,0.17120148,0.061684863,0.208416912,0,0,0.146785105,0.32760081,0.08490566,0.287735849,2062.9272,1.0522649
Al0.19Hf0.15Mo0.21Ta0.1V0.25Zr0.1,"{'Al': 0.1899898879369337, 'Hf': 0.14549140084465656, 'Mo': 0.21273754646779577, 'Ta': 0.10086991000650765, 'V': 0.24807094368656546, 'Zr': 0.10284031093282094}",2 BCC+Laves,400,0.001,1,2,1500,192,4.2,As-cast,700,0,0.248070944,0.189989888,0,0,0.10086991,0.145491401,0.212737546,0.102840311,0.051886792,0.287735849,3234.838,50.839256
Cr0.19Hf0.18Nb0.18Ti0.19V0.14Zr0.12,"{'Cr': 0.18515276304310246, 'Hf': 0.17533736162569677, 'Nb': 0.18487068241710117, 'Ti': 0.18964717934904868, 'V': 0.14105222933869246, 'Zr': 0.1239397841140884}",BCC+Laves+M5Si3,400,0.0005,1,3,1500,192,4.2,Annealed  ,1100,0.185152763,0.141052229,0,0.189647179,0.184870682,0,0.175337362,0,0.123939784,0.070754717,0.306603774,3724.3325,37.756443
Al0.24Hf0.14Ta0.12Ti0.14V0.17Zr0.21,"{'Al': 0.2400747719808629, 'Hf': 0.13522722278465574, 'Ta': 0.11545796198853134, 'Ti': 0.13760831794184683, 'V': 0.16505802143280215, 'Zr': 0.20657370375003728}",BCC+M55i3,25,0.001,0,0,25,1,4.2,Annealed,1000,0,0.165058021,0.240074772,0.137608318,0,0.115457962,0.135227223,0,0.206573704,0.141509434,0.268867925,1897.8868,6.9574747
Al0.04Mo0.04Nb0.25Ta0.27Ti0.19Zr0.21,"{'Al': 0.037056177733428265, 'Mo': 0.041216735071471784, 'Nb': 0.24830092567482684, 'Ta': 0.2740461165670339, 'Ti': 0.19128908726632524, 'Zr': 0.20809095758304724}",BCC+M55i3,600,0.001,1,0,1300,3,4.2,MA/SPS,700,0,0,0.037056178,0.191289087,0.248300926,0.274046117,0,0.041216735,0.208090958,0.141509434,0.136792453,749.5767,66.86073
Cr0.17Hf0.18Mo0.21Nb0.17Ti0.12Zr0.15,"{'Cr': 0.17334909971470383, 'Hf': 0.1799695311266537, 'Mo': 0.20735774994092473, 'Nb': 0.1677988479884046, 'Ti': 0.1191348823848254, 'Zr': 0.1523898887277198}",BCC+Laves,600,0.0003,0,4,1800,192,15,As-cast,1000,0.1733491,0,0,0.119134882,0.167798848,0,0.179969531,0.20735775,0.152389889,0.08490566,0.287735849,5016.954,4.447981
Cr0.22Mo0.2Nb0.11Ti0.17V0.08Zr0.21,"{'Cr': 0.2230129329102624, 'Mo': 0.20347412993161937, 'Nb': 0.11387551498101932, 'Ti': 0.17029045546006802, 'V': 0.08075049235300481, 'Zr': 0.20859647424884403}",BCC+M5Si3,400,0.001,1,0,1400,4,4.2,Annealed,1100,0.223012933,0.080750492,0,0.170290455,0.113875515,0,0,0.20347413,0.208596474,0.127358491,0.268867925,1174.3887,19.387959
Cr0.27Mo0.16Nb0.24Ta0.13Ti0.09Zr0.11,"{'Cr': 0.2659971115480051, 'Mo': 0.16112378615032028, 'Nb': 0.2445096365258428, 'Ta': 0.12946259832865123, 'Ti': 0.09188206644218862, 'Zr': 0.10702480089675964}",BCC+B2,400,0.001,1,4,1450,192,10,As-cast,1000,0.265997112,0,0,0.091882066,0.244509637,0.129462598,0,0.161123786,0.107024801,0.056603774,0.287735849,3784.0093,27.932375
Al0.18Cr0.24Mo0.17Nb0.15Ta0.14Zr0.12,"{'Al': 0.18458848770958117, 'Cr': 0.24029738340630077, 'Mo': 0.16691280161185912, 'Nb': 0.15105519220938343, 'Ta': 0.13646461404555316, 'Zr': 0.12068152089354534}",BCC+M55i3,25,0.001,1,4,1500,2,15,Annealed  ,700,0.240297383,0,0.184588488,0,0.151055192,0.136464614,0,0.166912802,0.120681521,0.141509434,0.306603774,2312.3208,2.1368213
Al0.18Cr0.19Ta0.19Ti0.17V0.18Zr0.09,"{'Al': 0.17570188527545766, 'Cr': 0.1921900568038708, 'Ta': 0.1929140395091326, 'Ti': 0.1678430109140919, 'V': 0.18231661933461288, 'Zr': 0.0890343880461447}",BCC,25,0.0003,0,4,1000,192,20,Annealed,900,0.192190057,0.182316619,0.175701885,0.167843011,0,0.19291404,0,0,0.089034388,0.056603774,0.268867925,5257.7207,2.689024
Hf0.2Mo0.06Nb0.21Ta0.15Ti0.16Zr0.22,"{'Hf': 0.1997083443161983, 'Mo': 0.05819992842718308, 'Nb': 0.21042616104493467, 'Ta': 0.15238195242179986, 'Ti': 0.16421570931220913, 'Zr': 0.21506790436830733}",2 BCC+HCP,25,0.0003,1,4,1450,96,4.2,Annealed  ,900,0,0,0,0.164215709,0.210426161,0.152381952,0.199708344,0.058199928,0.215067904,0.037735849,0.306603774,3133.9045,61.609337
Al0.18Hf0.15Mo0.24Nb0.19V0.17Zr0.07,"{'Al': 0.17714247195826294, 'Hf': 0.14733008646142493, 'Mo': 0.24057475490897265, 'Nb': 0.19418849396546792, 'V': 0.16658793676499903, 'Zr': 0.07417625582951463}",BCC+M5Si3,400,0.001,1,2,500,0,4.2,As-cast,1000,0,0.166587937,0.177142472,0,0.194188494,0,0.147330086,0.240574755,0.074176256,0.127358491,0.287735849,1257.8096,72.88725
Cr0.04Hf0.24Mo0.23Nb0.14Ta0.25Ti0.11,"{'Cr': 0.03699786647399915, 'Hf': 0.24085328953034318, 'Mo': 0.2268968510681826, 'Nb': 0.14397891014047165, 'Ta': 0.24508365835541313, 'Ti': 0.10618942432636144}",2 BCC+HCP,400,0.001,1,4,1500,96,4.2,Annealed,1000,0.036997866,0,0,0.106189424,0.14397891,0.245083658,0.24085329,0.226896851,0,0.037735849,0.268867925,2561.9817,79.534836
